类目,1月,2月,3月,4月,5月,6月,7月,8月,9月,10月,11月,12月,明细页链接
Sets,192.5,167.7,151.3,126.2,122.5,123.5,137.3,118.9,204.2,191.3,189.4,187.8,https://vip.oalur.com/analysis/market/list?date=2025-09-01&endDate=2025-09-30&salesSeller=1&start=2025-01&end=2025-12&pathId=1731294031&pathName=Sets(Current)&site=UK
Sets,231.7,197.7,175,178.9,213.8,180.5,268.9,207.1,214.7,239.4,249.1,482.6,https://vip.oalur.com/analysis/market/list?date=2025-12-01&endDate=2025-12-31&salesSeller=1&start=2025-01&end=2025-12&pathId=1731032031&pathName=Sets(Current)&site=UK
Sets,228,172.9,165.1,177.6,159.6,151.6,161.6,132.9,183.8,228.6,246,334.6,https://vip.oalur.com/analysis/market/list?date=2025-12-01&endDate=2025-12-31&salesSeller=1&start=2025-01&end=2025-12&pathId=1730981031&pathName=Sets(Current)&site=UK
Sets,138.8,114.7,126.3,151.6,198.4,177.3,238.3,158.6,139.7,131.8,143.8,270.8,https://vip.oalur.com/analysis/market/list?date=2025-12-01&endDate=2025-12-31&salesSeller=1&start=2025-01&end=2025-12&pathId=1731028031&pathName=Sets(Current)&site=UK
Sets,174.2,123.5,111.5,115,107.7,89.3,109.3,84,129.8,137.2,123.7,188.7,https://vip.oalur.com/analysis/market/list?date=2025-12-01&endDate=2025-12-31&salesSeller=1&start=2025-01&end=2025-12&pathId=1731345031&pathName=Sets(Current)&site=UK
Sets,154.6,134.6,122.9,124,129.3,125.2,155.2,115.1,159.9,169.6,153.4,230.6,https://vip.oalur.com/analysis/market/list?date=2025-12-01&endDate=2025-12-31&salesSeller=1&start=2025-01&end=2025-12&pathId=1731030031&pathName=Sets(Current)&site=UK
Sets,124.5,86.3,91.4,98.7,126.1,118.8,183.1,115.2,115.6,102,123.9,259.3,https://vip.oalur.com/analysis/market/list?date=2025-12-01&endDate=2025-12-31&salesSeller=1&start=2025-01&end=2025-12&pathId=16149077031&pathName=Sets(Current)&site=UK
Sets,164.1,111.2,86.6,93.1,85.1,72.5,80.6,71.3,108.9,110,119.4,153.9,https://vip.oalur.com/analysis/market/list?date=2025-01-01&endDate=2025-01-31&salesSeller=1&start=2025-01&end=2025-12&pathId=1731362031&pathName=Sets(Current)&site=UK
Sets,109.3,85.9,77.9,65.6,54.3,51.4,46,42.5,81.6,111.9,130.6,271,https://vip.oalur.com/analysis/market/list?date=2025-12-01&endDate=2025-12-31&salesSeller=1&start=2025-01&end=2025-12&pathId=1730980031&pathName=Sets(Current)&site=UK
Sets,79.1,56.9,48.7,44.7,54.1,53.8,66.9,49,57.5,74.5,110.9,335.2,https://vip.oalur.com/analysis/market/list?date=2025-12-01&endDate=2025-12-31&salesSeller=1&start=2025-01&end=2025-12&pathId=1731460031&pathName=Sets(Current)&site=UK
Sets,137.9,96.8,57.8,57.3,62.9,65.3,70.8,64.2,118.4,121.6,150.5,332.8,https://vip.oalur.com/analysis/market/list?date=2025-12-01&endDate=2025-12-31&salesSeller=1&start=2025-01&end=2025-12&pathId=1735457031&pathName=Sets(Current)&site=UK
Sets,74.9,59.7,40.2,45.7,50,69.7,79.3,55.2,127.6,93,95.2,134.6,https://vip.oalur.com/analysis/market/list?date=2025-12-01&endDate=2025-12-31&salesSeller=1&start=2025-01&end=2025-12&pathId=3076561031&pathName=Sets(Current)&site=UK
Sets,36,37.5,54.1,104.8,194,172,261.7,149.8,90,55.1,36.5,49.9,https://vip.oalur.com/analysis/market/list?date=2025-07-01&endDate=2025-07-31&salesSeller=1&start=2025-01&end=2025-12&pathId=1731002031&pathName=Sets(Current)&site=UK
Sets,128.8,93.2,63.9,66.1,63.5,75.3,76.2,57.7,109.3,109,125.5,161.5,https://vip.oalur.com/analysis/market/list?date=2025-12-01&endDate=2025-12-31&salesSeller=1&start=2025-01&end=2025-12&pathId=3076541031&pathName=Sets(Current)&site=UK
Sets,47.5,44.4,51.6,84.4,142.5,143.4,217.2,121.6,61.5,60.3,50.3,90.7,https://vip.oalur.com/analysis/market/list?date=2025-07-01&endDate=2025-07-31&salesSeller=1&start=2025-01&end=2025-12&pathId=13623305031&pathName=Sets(Current)&site=UK
Sets,70.1,58.8,38.1,41,45.4,66.3,81.2,58.4,130.9,89.1,117.5,143.9,https://vip.oalur.com/analysis/market/list?date=2025-12-01&endDate=2025-12-31&salesSeller=1&start=2025-01&end=2025-12&pathId=3076535031&pathName=Sets(Current)&site=UK
Sets,97,67.6,46.7,37.8,30.3,28.8,24.8,22,49,76.1,103.7,409.3,https://vip.oalur.com/analysis/market/list?date=2025-12-01&endDate=2025-12-31&salesSeller=1&start=2025-01&end=2025-12&pathId=1730985031&pathName=Sets(Current)&site=UK
Sets,95.3,75.1,60.3,62.9,59.2,57.3,55.5,40.8,75.8,96.6,113.2,175.8,https://vip.oalur.com/analysis/market/list?date=2025-12-01&endDate=2025-12-31&salesSeller=1&start=2025-01&end=2025-12&pathId=1730996031&pathName=Sets(Current)&site=UK
Sets,95.1,63.9,57.8,46.1,47,49.4,60.9,38.6,63.1,78.4,95.9,212,https://vip.oalur.com/analysis/market/list?date=2025-12-01&endDate=2025-12-31&salesSeller=1&start=2025-01&end=2025-12&pathId=1731021031&pathName=Sets(Current)&site=UK
Sets,54.7,54.3,63.6,90.2,126.2,122.1,175,116.1,86.4,69,63.3,123.5,https://vip.oalur.com/analysis/market/list?date=2025-07-01&endDate=2025-07-31&salesSeller=1&start=2025-01&end=2025-12&pathId=1731027031&pathName=Sets(Current)&site=UK
Sets,62.3,57.5,40.6,37.5,34.4,30.5,27.7,28.6,54.3,72.9,86.1,210.6,https://vip.oalur.com/analysis/market/list?date=2025-12-01&endDate=2025-12-31&salesSeller=1&start=2025-01&end=2025-12&pathId=1731352031&pathName=Sets(Current)&site=UK
Sets,71.2,64,66.5,80.8,100.7,87.7,108.8,81.7,87.5,77.8,65.6,86.8,https://vip.oalur.com/analysis/market/list?date=2025-07-01&endDate=2025-07-31&salesSeller=1&start=2025-01&end=2025-12&pathId=1731504031&pathName=Sets(Current)&site=UK
Sets,86.3,68,68.7,73.7,99.7,96.2,129.8,92.7,80.7,68.6,57.3,84.8,https://vip.oalur.com/analysis/market/list?date=2025-07-01&endDate=2025-07-31&salesSeller=1&start=2025-01&end=2025-12&pathId=1731339031&pathName=Sets(Current)&site=UK
Sets,94.5,68.9,61.4,59.9,57.5,52.4,55.6,47.7,72.4,90.7,90,151.6,https://vip.oalur.com/analysis/market/list?date=2025-12-01&endDate=2025-12-31&salesSeller=1&start=2025-01&end=2025-12&pathId=26054143031&pathName=Sets(Current)&site=UK
Sets,100.2,66.7,44.4,31.8,23.9,22.5,19.3,20.1,58.1,90.5,92.7,237.3,https://vip.oalur.com/analysis/market/list?date=2025-12-01&endDate=2025-12-31&salesSeller=1&start=2025-01&end=2025-12&pathId=1731357031&pathName=Sets(Current)&site=UK
Sets,72.9,54.9,44.9,41.7,51,50.3,62.5,51.3,114,72,92.3,244,https://vip.oalur.com/analysis/market/list?date=2025-12-01&endDate=2025-12-31&salesSeller=1&start=2025-01&end=2025-12&pathId=1735458031&pathName=Sets(Current)&site=UK
Sets,48.3,52.3,68.4,88.6,117.9,97.6,129.4,89.4,70,73.3,53.8,110.6,https://vip.oalur.com/analysis/market/list?date=2025-07-01&endDate=2025-07-31&salesSeller=1&start=2025-01&end=2025-12&pathId=1731502031&pathName=Sets(Current)&site=UK
Sets,85,69.9,59.6,63,58.7,57.7,62.3,46.6,67.7,73.6,85.6,146.8,https://vip.oalur.com/analysis/market/list?date=2025-12-01&endDate=2025-12-31&salesSeller=1&start=2025-01&end=2025-12&pathId=26054144031&pathName=Sets(Current)&site=UK
Sets,93.9,62.9,44.8,40.3,33.7,32.8,26,25.3,57,83.6,105.6,190.8,https://vip.oalur.com/analysis/market/list?date=2025-12-01&endDate=2025-12-31&salesSeller=1&start=2025-01&end=2025-12&pathId=3076533031&pathName=Sets(Current)&site=UK
Sets,67.8,63.3,59.2,59.9,52.9,53.9,57,52.1,87.6,96.7,110,150.7,https://vip.oalur.com/analysis/market/list?date=2025-12-01&endDate=2025-12-31&salesSeller=1&start=2025-01&end=2025-12&pathId=1731353031&pathName=Sets(Current)&site=UK
Sets,50.4,44.2,40.6,54.1,76,79.8,130.6,97.8,66.1,54,37.6,52.4,https://vip.oalur.com/analysis/market/list?date=2025-07-01&endDate=2025-07-31&salesSeller=1&start=2025-01&end=2025-12&pathId=1731024031&pathName=Sets(Current)&site=UK
Sets,46.4,42.2,44.5,58.1,73.1,61.4,61.8,48.8,63.4,65.2,52.4,94.8,https://vip.oalur.com/analysis/market/list?date=2025-12-01&endDate=2025-12-31&salesSeller=1&start=2025-01&end=2025-12&pathId=1731356031&pathName=Sets(Current)&site=UK
Sets,104.3,56.4,29.4,30.6,26.1,25.9,18.4,17.6,33.1,49.1,98.2,195.8,https://vip.oalur.com/analysis/market/list?date=2025-12-01&endDate=2025-12-31&salesSeller=1&start=2025-01&end=2025-12&pathId=3076521031&pathName=Sets(Current)&site=UK
Sets,46.3,36.3,39.6,57.8,86.2,80.9,123,77.4,64.4,45.1,38.6,59.1,https://vip.oalur.com/analysis/market/list?date=2025-07-01&endDate=2025-07-31&salesSeller=1&start=2025-01&end=2025-12&pathId=1730973031&pathName=Sets(Current)&site=UK
Sets,52,37.8,26.5,26.9,31.2,35.3,37.5,28,38.8,54.7,82,228.4,https://vip.oalur.com/analysis/market/list?date=2025-12-01&endDate=2025-12-31&salesSeller=1&start=2025-01&end=2025-12&pathId=1730991031&pathName=Sets(Current)&site=UK
Sets,54.8,48.1,41.1,39,49.2,49.6,67.8,49,47.2,49.3,51,90.5,https://vip.oalur.com/analysis/market/list?date=2025-12-01&endDate=2025-12-31&salesSeller=1&start=2025-01&end=2025-12&pathId=1731458031&pathName=Sets(Current)&site=UK
Sets,30.7,30.8,33.4,46.4,72.9,66.5,100,65.4,47,44.2,36.7,58.6,https://vip.oalur.com/analysis/market/list?date=2025-07-01&endDate=2025-07-31&salesSeller=1&start=2025-01&end=2025-12&pathId=1731503031&pathName=Sets(Current)&site=UK
Sets,58.8,44.9,34.9,26.8,22.1,19.9,16.6,17.3,44.9,58.5,57.8,127.9,https://vip.oalur.com/analysis/market/list?date=2025-12-01&endDate=2025-12-31&salesSeller=1&start=2025-01&end=2025-12&pathId=1731489031&pathName=Sets(Current)&site=UK
Sets,39.1,34.4,38,51.4,69.1,65.3,93.2,65.9,55,41.2,35.1,53,https://vip.oalur.com/analysis/market/list?date=2025-07-01&endDate=2025-07-31&salesSeller=1&start=2025-01&end=2025-12&pathId=3939939031&pathName=Sets(Current)&site=UK
Sets,65.9,49.3,31.4,32.7,27.9,26.2,20.5,19.1,35.2,58.8,76.1,157.2,https://vip.oalur.com/analysis/market/list?date=2025-12-01&endDate=2025-12-31&salesSeller=1&start=2025-01&end=2025-12&pathId=1730995031&pathName=Sets(Current)&site=UK
Sets,68.7,66.8,43,29.4,29.7,29.1,28,25.1,66.2,73.8,79.5,68.3,https://vip.oalur.com/analysis/market/list?date=2025-11-01&endDate=2025-11-30&salesSeller=1&start=2025-01&end=2025-12&pathId=1731289031&pathName=Sets(Current)&site=UK
Sets,24.7,30,34.5,57.7,77.8,69.9,99,64.5,51.2,34.6,34.5,69,https://vip.oalur.com/analysis/market/list?date=2025-07-01&endDate=2025-07-31&salesSeller=1&start=2025-01&end=2025-12&pathId=16149076031&pathName=Sets(Current)&site=UK
Sets,72.6,42.5,21.8,19.8,14.9,15.1,14.8,14.7,52.9,62.9,79.5,143.7,https://vip.oalur.com/analysis/market/list?date=2025-12-01&endDate=2025-12-31&salesSeller=1&start=2025-01&end=2025-12&pathId=1731463031&pathName=Sets(Current)&site=UK
Sets,99,89.9,86.4,103.4,140.9,149.7,209.9,148,127.6,133.6,112.6,205.5,https://vip.oalur.com/analysis/market/list?date=2025-07-01&endDate=2025-07-31&salesSeller=1&start=2025-01&end=2025-12&pathId=94998601031&pathName=Sets(Current)&site=UK
Sets,45.7,43.5,33.3,26.4,26.8,23.7,32.3,24.4,28.4,37,37.1,60.8,https://vip.oalur.com/analysis/market/list?date=2025-12-01&endDate=2025-12-31&salesSeller=1&start=2025-01&end=2025-12&pathId=1731346031&pathName=Sets(Current)&site=UK
Sets,33.8,32.1,35.5,47.7,48,42.6,42.5,33.2,61.8,63.8,64.2,90.6,https://vip.oalur.com/analysis/market/list?date=2025-12-01&endDate=2025-12-31&salesSeller=1&start=2025-01&end=2025-12&pathId=1731465031&pathName=Sets(Current)&site=UK
Sets,23.6,25.3,17.3,21.3,43.3,75.8,103,65.5,134.7,100.4,105.8,142.6,https://vip.oalur.com/analysis/market/list?date=2025-12-01&endDate=2025-12-31&salesSeller=1&start=2025-01&end=2025-12&pathId=1731003031&pathName=Sets(Current)&site=UK
Sets,54.7,39.3,28.4,33.8,37.6,41.8,46.5,33.4,54,49.1,53.1,70.6,https://vip.oalur.com/analysis/market/list?date=2025-12-01&endDate=2025-12-31&salesSeller=1&start=2025-01&end=2025-12&pathId=3076566031&pathName=Sets(Current)&site=UK
Sets,18,18.1,25.2,46.1,91.6,84.2,140.3,79.3,42.3,31.2,20.9,26.3,https://vip.oalur.com/analysis/market/list?date=2025-07-01&endDate=2025-07-31&salesSeller=1&start=2025-01&end=2025-12&pathId=1731343031&pathName=Sets(Current)&site=UK
Sets,41.6,37.7,29.7,27.5,20,19.3,22.4,17.7,30.9,34.7,66.8,129.3,https://vip.oalur.com/analysis/market/list?date=2025-12-01&endDate=2025-12-31&salesSeller=1&start=2025-01&end=2025-12&pathId=1730970031&pathName=Sets(Current)&site=UK
Sets,99.6,51.5,20,11.8,8.8,9.5,8.1,8.1,23.2,42.6,84.7,122.8,https://vip.oalur.com/analysis/market/list?date=2025-12-01&endDate=2025-12-31&salesSeller=1&start=2025-01&end=2025-12&pathId=1731037031&pathName=Sets(Current)&site=UK
Sets,45.7,45.7,34.7,33.4,31.8,31.3,31.1,29,57.5,71.3,67.5,64.4,https://vip.oalur.com/analysis/market/list?date=2025-10-01&endDate=2025-10-31&salesSeller=1&start=2025-01&end=2025-12&pathId=1731290031&pathName=Sets(Current)&site=UK
Sets,57.3,50.9,51,50.5,50.4,48.7,51,44.8,60.9,70.7,53.4,79.8,https://vip.oalur.com/analysis/market/list?date=2025-12-01&endDate=2025-12-31&salesSeller=1&start=2025-01&end=2025-12&pathId=3940213031&pathName=Sets(Current)&site=UK
Sets,45.4,45.8,22.9,25.1,18.9,15.6,14.1,17.8,38.2,54.7,76.8,100.5,https://vip.oalur.com/analysis/market/list?date=2025-12-01&endDate=2025-12-31&salesSeller=1&start=2025-01&end=2025-12&pathId=3076532031&pathName=Sets(Current)&site=UK
Sets,30.3,30.3,21.6,21.4,26.7,27.1,29.7,19.9,30,33.2,43.5,50.5,https://vip.oalur.com/analysis/market/list?date=2025-12-01&endDate=2025-12-31&salesSeller=1&start=2025-01&end=2025-12&pathId=1730979031&pathName=Sets(Current)&site=UK
Sets,42.3,41.2,27.6,32.2,25.8,25.1,19.8,18.9,48.6,52.8,60,83.1,https://vip.oalur.com/analysis/market/list?date=2025-12-01&endDate=2025-12-31&salesSeller=1&start=2025-01&end=2025-12&pathId=3076534031&pathName=Sets(Current)&site=UK
Sets,60,46,14.7,11.3,8.3,7.6,7.3,7.6,23,39.1,61.2,83.5,https://vip.oalur.com/analysis/market/list?date=2025-12-01&endDate=2025-12-31&salesSeller=1&start=2025-01&end=2025-12&pathId=3076753031&pathName=Sets(Current)&site=UK
Sets,34.6,28.3,21.8,23.3,30.9,37.2,39,28.8,32.6,39.2,46.5,101.7,https://vip.oalur.com/analysis/market/list?date=2025-12-01&endDate=2025-12-31&salesSeller=1&start=2025-01&end=2025-12&pathId=1730990031&pathName=Sets(Current)&site=UK
Sets,45.3,35.4,28.1,28.8,25.4,23.5,28.2,23.1,36.5,41.7,42.6,56.6,https://vip.oalur.com/analysis/market/list?date=2025-12-01&endDate=2025-12-31&salesSeller=1&start=2025-01&end=2025-12&pathId=26054146031&pathName=Sets(Current)&site=UK
Sets,26.3,27,26.1,28.3,38,37.5,52.2,37.6,35.2,61.8,38,68.6,https://vip.oalur.com/analysis/market/list?date=2025-12-01&endDate=2025-12-31&salesSeller=1&start=2025-01&end=2025-12&pathId=1731468031&pathName=Sets(Current)&site=UK
Sets,24.3,29,22.8,30.4,40.1,41.3,51.1,35.7,38.8,42.5,38,68.2,https://vip.oalur.com/analysis/market/list?date=2025-12-01&endDate=2025-12-31&salesSeller=1&start=2025-01&end=2025-12&pathId=13623306031&pathName=Sets(Current)&site=UK
Sets,41.9,35.1,33.5,35.1,40.8,37.1,43.4,31.4,37.9,38.4,38,59.9,https://vip.oalur.com/analysis/market/list?date=2025-12-01&endDate=2025-12-31&salesSeller=1&start=2025-01&end=2025-12&pathId=16149074031&pathName=Sets(Current)&site=UK
Sets,23.8,29.6,24.4,29.6,35.5,43.4,45.2,34.3,36,36.3,34.9,40,https://vip.oalur.com/analysis/market/list?date=2025-07-01&endDate=2025-07-31&salesSeller=1&start=2025-01&end=2025-12&pathId=13623308031&pathName=Sets(Current)&site=UK
Sets,31.5,28.9,21.4,23.5,23.3,21.4,23.7,19,23.4,30.1,43.4,80.8,https://vip.oalur.com/analysis/market/list?date=2025-12-01&endDate=2025-12-31&salesSeller=1&start=2025-01&end=2025-12&pathId=1730975031&pathName=Sets(Current)&site=UK
Sets,20,33.7,22.9,32.1,38.3,45.5,44,32.9,35.2,35.9,35,39.9,https://vip.oalur.com/analysis/market/list?date=2025-06-01&endDate=2025-06-30&salesSeller=1&start=2025-01&end=2025-12&pathId=1731016031&pathName=Sets(Current)&site=UK
Sets,42.3,29.5,20.8,21.4,17.2,15,13.8,13,28.6,41.4,43.1,71.3,https://vip.oalur.com/analysis/market/list?date=2025-12-01&endDate=2025-12-31&salesSeller=1&start=2025-01&end=2025-12&pathId=1731464031&pathName=Sets(Current)&site=UK
Sets,9.4,14.8,17.8,37,63.6,50.3,82.8,53.6,31.8,16.8,11,12.1,https://vip.oalur.com/analysis/market/list?date=2025-07-01&endDate=2025-07-31&salesSeller=1&start=2025-01&end=2025-12&pathId=3076542031&pathName=Sets(Current)&site=UK
Sets,11,13.9,15.8,31.7,60.5,55.5,95.8,54.9,25.1,23.1,18.1,24.5,https://vip.oalur.com/analysis/market/list?date=2025-07-01&endDate=2025-07-31&salesSeller=1&start=2025-01&end=2025-12&pathId=1731467031&pathName=Sets(Current)&site=UK
Sets,24,23.1,20,22.7,27.9,28.9,30.1,23.7,27.3,36.6,32.4,48.6,https://vip.oalur.com/analysis/market/list?date=2025-12-01&endDate=2025-12-31&salesSeller=1&start=2025-01&end=2025-12&pathId=1731020031&pathName=Sets(Current)&site=UK
Sets,23.6,20.7,19.9,28.5,40.4,40.4,61.3,36.1,29.7,27.2,22.4,33.1,https://vip.oalur.com/analysis/market/list?date=2025-07-01&endDate=2025-07-31&salesSeller=1&start=2025-01&end=2025-12&pathId=1731029031&pathName=Sets(Current)&site=UK
Sets,39.6,33.4,13,13.3,11.3,9.4,7.7,10.4,22.1,40.1,54.7,82.6,https://vip.oalur.com/analysis/market/list?date=2025-12-01&endDate=2025-12-31&salesSeller=1&start=2025-01&end=2025-12&pathId=1730994031&pathName=Sets(Current)&site=UK
Sets,55.4,35.8,12.4,12.2,10,8.2,6.3,7.9,16.8,32.7,54,111.3,https://vip.oalur.com/analysis/market/list?date=2025-12-01&endDate=2025-12-31&salesSeller=1&start=2025-01&end=2025-12&pathId=3076547031&pathName=Sets(Current)&site=UK
Sets,31.2,24.8,15.7,16.5,15,13.8,11.1,11.7,19,28.3,36.2,77.5,https://vip.oalur.com/analysis/market/list?date=2025-12-01&endDate=2025-12-31&salesSeller=1&start=2025-01&end=2025-12&pathId=1730983031&pathName=Sets(Current)&site=UK
Sets,36,29.9,23.4,24.2,23.2,18.9,14.9,15.2,33,43.9,43.9,70.2,https://vip.oalur.com/analysis/market/list?date=2025-12-01&endDate=2025-12-31&salesSeller=1&start=2025-01&end=2025-12&pathId=3076559031&pathName=Sets(Current)&site=UK
Sets,32.3,33.5,20.6,26.4,15.3,13.3,9.7,12.3,28.5,35.8,41.7,59.1,https://vip.oalur.com/analysis/market/list?date=2025-12-01&endDate=2025-12-31&salesSeller=1&start=2025-01&end=2025-12&pathId=3076558031&pathName=Sets(Current)&site=UK
Sets,16.6,18.3,16.2,24.1,30.8,31.2,48.6,35.7,20.9,17.9,14.1,18,https://vip.oalur.com/analysis/market/list?date=2025-07-01&endDate=2025-07-31&salesSeller=1&start=2025-01&end=2025-12&pathId=3940181031&pathName=Sets(Current)&site=UK
Sets,13.8,22.9,23.9,14.9,26.8,27.1,31,21.9,19.1,21.6,25,64.6,https://vip.oalur.com/analysis/market/list?date=2025-12-01&endDate=2025-12-31&salesSeller=1&start=2025-01&end=2025-12&pathId=1731138031&pathName=Sets(Current)&site=UK
Sets,16.5,18.4,18.1,30,41.8,34.9,44.2,27.2,20.7,27.8,17.4,26.8,https://vip.oalur.com/analysis/market/list?date=2025-07-01&endDate=2025-07-31&salesSeller=1&start=2025-01&end=2025-12&pathId=1731354031&pathName=Sets(Current)&site=UK
Sets,18,25.5,28,11.9,11.3,11.6,10.6,11.1,18.1,63.9,39.1,70.4,https://vip.oalur.com/analysis/market/list?date=2025-12-01&endDate=2025-12-31&salesSeller=1&start=2025-01&end=2025-12&pathId=1731459031&pathName=Sets(Current)&site=UK
Sets,34.5,25,12,14.5,14,13.9,14.7,12.1,16.8,27.2,42,87.1,https://vip.oalur.com/analysis/market/list?date=2025-12-01&endDate=2025-12-31&salesSeller=1&start=2025-01&end=2025-12&pathId=26054133031&pathName=Sets(Current)&site=UK
Sets,13.6,14.8,11.4,13.2,19.8,20.3,23.9,18.3,23.3,20.8,23.2,43.3,https://vip.oalur.com/analysis/market/list?date=2025-12-01&endDate=2025-12-31&salesSeller=1&start=2025-01&end=2025-12&pathId=3939667031&pathName=Sets(Current)&site=UK
Sets,17.4,22.5,15.9,21.9,24.8,24.6,23.7,21.2,27.4,26.9,27.3,41,https://vip.oalur.com/analysis/market/list?date=2025-12-01&endDate=2025-12-31&salesSeller=1&start=2025-01&end=2025-12&pathId=1731013031&pathName=Sets(Current)&site=UK
Sets,19.4,20.7,20.8,19,24.5,24.9,30.5,25.8,25.2,27,27.2,22.6,https://vip.oalur.com/analysis/market/list?date=2025-07-01&endDate=2025-07-31&salesSeller=1&start=2025-01&end=2025-12&pathId=1939590031&pathName=Sets(Current)&site=UK
Sets,13.9,16,15.7,22.7,34,31.6,53.8,34.8,25.3,21.7,19.1,29.8,https://vip.oalur.com/analysis/market/list?date=2025-07-01&endDate=2025-07-31&salesSeller=1&start=2025-01&end=2025-12&pathId=17561378031&pathName=Sets(Current)&site=UK
Sets,16.7,17.2,17.9,23.3,35.6,36.7,56.4,36.1,28.1,24.2,21,26.6,https://vip.oalur.com/analysis/market/list?date=2025-07-01&endDate=2025-07-31&salesSeller=1&start=2025-01&end=2025-12&pathId=16149073031&pathName=Sets(Current)&site=UK
Sets,17.4,23.3,15.7,15.9,17.5,17.3,19.2,16.5,18.1,22.3,18.9,31.8,https://vip.oalur.com/analysis/market/list?date=2025-12-01&endDate=2025-12-31&salesSeller=1&start=2025-01&end=2025-12&pathId=1731372031&pathName=Sets(Current)&site=UK
Sets,25.1,27.8,19.9,18.6,21.9,22.1,30.8,24.5,24.7,20.9,17.7,23.9,https://vip.oalur.com/analysis/market/list?date=2025-07-01&endDate=2025-07-31&salesSeller=1&start=2025-01&end=2025-12&pathId=3940009031&pathName=Sets(Current)&site=UK
Sets,21.7,22,18.3,19.1,22.6,22.1,24.8,22.1,26.1,23.5,20.9,24,https://vip.oalur.com/analysis/market/list?date=2025-09-01&endDate=2025-09-30&salesSeller=1&start=2025-01&end=2025-12&pathId=1731224031&pathName=Sets(Current)&site=UK
Sets,18.3,17,14.1,15.6,18.8,19.4,25,16.9,17.4,19.2,20.1,47.8,https://vip.oalur.com/analysis/market/list?date=2025-12-01&endDate=2025-12-31&salesSeller=1&start=2025-01&end=2025-12&pathId=1731456031&pathName=Sets(Current)&site=UK
Sets,48,30,12.2,7.8,6.1,5.4,4.9,5.3,14,23.9,43,63.7,https://vip.oalur.com/analysis/market/list?date=2025-12-01&endDate=2025-12-31&salesSeller=1&start=2025-01&end=2025-12&pathId=1731402031&pathName=Sets(Current)&site=UK
Sets,10.5,13.1,10.2,8.6,8.2,9.4,7.8,6,10.5,16.9,26.3,85.4,https://vip.oalur.com/analysis/market/list?date=2025-12-01&endDate=2025-12-31&salesSeller=1&start=2025-01&end=2025-12&pathId=1731117031&pathName=Sets(Current)&site=UK
Sets,43.9,27.5,11.8,8.2,6.1,5.4,4.6,6.4,25,46.3,67.8,84.3,https://vip.oalur.com/analysis/market/list?date=2025-12-01&endDate=2025-12-31&salesSeller=1&start=2025-01&end=2025-12&pathId=1731403031&pathName=Sets(Current)&site=UK
Sets,13.5,19.7,19.4,23.8,24.8,24.3,22.2,17.2,24.7,23.2,19,22,https://vip.oalur.com/analysis/market/list?date=2025-05-01&endDate=2025-05-31&salesSeller=1&start=2025-01&end=2025-12&pathId=1731486031&pathName=Sets(Current)&site=UK
Sets,13.8,15.9,13.2,18.5,22.4,21.9,34.8,22.8,14.3,11.8,10.9,10.5,https://vip.oalur.com/analysis/market/list?date=2025-07-01&endDate=2025-07-31&salesSeller=1&start=2025-01&end=2025-12&pathId=3940186031&pathName=Sets(Current)&site=UK
Sets,7.5,3.5,9,1.5,1.3,1.9,1.3,1.3,2.5,6.4,25,150.5,https://vip.oalur.com/analysis/market/list?date=2025-12-01&endDate=2025-12-31&salesSeller=1&start=2025-01&end=2025-12&pathId=1731121031&pathName=Sets(Current)&site=UK
Sets,9.6,13.3,10.2,15.1,25.4,31,47.9,30.8,22.5,16.4,14.2,18.6,https://vip.oalur.com/analysis/market/list?date=2025-07-01&endDate=2025-07-31&salesSeller=1&start=2025-01&end=2025-12&pathId=1731497031&pathName=Sets(Current)&site=UK
Sets,34.3,37.9,14.6,12.1,11.5,10.9,11.7,9.5,18.7,28.4,33.1,46.2,https://vip.oalur.com/analysis/market/list?date=2025-12-01&endDate=2025-12-31&salesSeller=1&start=2025-01&end=2025-12&pathId=1730974031&pathName=Sets(Current)&site=UK
Sets,41.2,22.9,9.4,6.5,5.5,5.3,4.2,4.8,11.2,20,39.1,54.5,https://vip.oalur.com/analysis/market/list?date=2025-12-01&endDate=2025-12-31&salesSeller=1&start=2025-01&end=2025-12&pathId=1731036031&pathName=Sets(Current)&site=UK
Sets,27.2,28.4,17.8,18.3,12.3,12.6,11,10.4,36.7,31.8,32.1,41.4,https://vip.oalur.com/analysis/market/list?date=2025-12-01&endDate=2025-12-31&salesSeller=1&start=2025-01&end=2025-12&pathId=3076560031&pathName=Sets(Current)&site=UK
Sets,3.8,6.2,10.6,26.6,44.8,37.4,53.5,29.6,14.8,9.8,7,6.1,https://vip.oalur.com/analysis/market/list?date=2025-07-01&endDate=2025-07-31&salesSeller=1&start=2025-01&end=2025-12&pathId=1731292031&pathName=Sets(Current)&site=UK
Sets,15.8,17.2,16.6,20.3,22.5,20.5,24.6,19.5,24.7,24.6,23.3,30.5,https://vip.oalur.com/analysis/market/list?date=2025-12-01&endDate=2025-12-31&salesSeller=1&start=2025-01&end=2025-12&pathId=1731293031&pathName=Sets(Current)&site=UK
Sets,14,14,8.1,7.6,7.5,7,6,6.4,10.3,29.5,28.6,55.1,https://vip.oalur.com/analysis/market/list?date=2025-12-01&endDate=2025-12-31&salesSeller=1&start=2025-01&end=2025-12&pathId=1730989031&pathName=Sets(Current)&site=UK
Sets,15.8,21.1,9.1,11.3,12,12,10.1,9.2,21.6,19.6,19.7,26.1,https://vip.oalur.com/analysis/market/list?date=2025-12-01&endDate=2025-12-31&salesSeller=1&start=2025-01&end=2025-12&pathId=3939434031&pathName=Sets(Current)&site=UK
Sets,19.7,18.4,16,17,19.8,16.9,21.3,16.9,20.1,19.6,16.5,27.5,https://vip.oalur.com/analysis/market/list?date=2025-12-01&endDate=2025-12-31&salesSeller=1&start=2025-01&end=2025-12&pathId=4276192031&pathName=Sets(Current)&site=UK
Sets,10.2,14,14.2,22.7,31.9,25.5,29.1,22.9,20.8,13.4,10,15.2,https://vip.oalur.com/analysis/market/list?date=2025-05-01&endDate=2025-05-31&salesSeller=1&start=2025-01&end=2025-12&pathId=3939440031&pathName=Sets(Current)&site=UK
Sets,6.4,8.4,13.1,24.6,49,40.7,64.1,35.2,20.8,13.9,8.8,11.6,https://vip.oalur.com/analysis/market/list?date=2025-07-01&endDate=2025-07-31&salesSeller=1&start=2025-01&end=2025-12&pathId=3939961031&pathName=Sets(Current)&site=UK
Sets,36.4,18.6,7,5,3.6,3.8,3,3.8,13.3,24.5,34.3,44.4,https://vip.oalur.com/analysis/market/list?date=2025-12-01&endDate=2025-12-31&salesSeller=1&start=2025-01&end=2025-12&pathId=1731401031&pathName=Sets(Current)&site=UK
Sets,7.3,11.4,9.6,14.6,22.2,23.4,27.3,18.6,16.3,14.8,12.6,17.3,https://vip.oalur.com/analysis/market/list?date=2025-07-01&endDate=2025-07-31&salesSeller=1&start=2025-01&end=2025-12&pathId=1731359031&pathName=Sets(Current)&site=UK
Sets,11.5,16.5,16.4,23.6,22.1,19.2,18.4,14.9,23.9,24.2,18.4,24,https://vip.oalur.com/analysis/market/list?date=2025-10-01&endDate=2025-10-31&salesSeller=1&start=2025-01&end=2025-12&pathId=3939708031&pathName=Sets(Current)&site=UK
Sets,18.6,20.1,15.5,15,17.7,16.2,19.1,17.3,20.8,20.9,18.2,17.3,https://vip.oalur.com/analysis/market/list?date=2025-10-01&endDate=2025-10-31&salesSeller=1&start=2025-01&end=2025-12&pathId=1731291031&pathName=Sets(Current)&site=UK
Sets,3.9,5.6,4.4,2.4,2,2.3,2.1,1.5,3.3,7.7,22.2,125.8,https://vip.oalur.com/analysis/market/list?date=2025-12-01&endDate=2025-12-31&salesSeller=1&start=2025-01&end=2025-12&pathId=1731131031&pathName=Sets(Current)&site=UK
Sets,20,17,14.9,15.6,13.4,12.4,12.3,12.3,19.4,20.8,16,22,https://vip.oalur.com/analysis/market/list?date=2025-12-01&endDate=2025-12-31&salesSeller=1&start=2025-01&end=2025-12&pathId=1731419031&pathName=Sets(Current)&site=UK
Sets,17.2,18.4,11.8,14.4,13.2,11.7,11.5,10.1,14.3,13.8,13.8,21.9,https://vip.oalur.com/analysis/market/list?date=2025-12-01&endDate=2025-12-31&salesSeller=1&start=2025-01&end=2025-12&pathId=3939959031&pathName=Sets(Current)&site=UK
Sets,19.8,25.9,6.8,5.2,4.3,3.4,3.8,4.7,11.1,13.6,18.7,27.8,https://vip.oalur.com/analysis/market/list?date=2025-12-01&endDate=2025-12-31&salesSeller=1&start=2025-01&end=2025-12&pathId=3076767031&pathName=Sets(Current)&site=UK
Sets,8.6,10.8,9.9,14.1,17.6,14.8,17.6,13.7,12.4,9.8,7.9,8.1,https://vip.oalur.com/analysis/market/list?date=2025-05-01&endDate=2025-05-31&salesSeller=1&start=2025-01&end=2025-12&pathId=1731501031&pathName=Sets(Current)&site=UK
Sets,17.2,16,13.7,14.7,14,12.2,15.8,14.8,21.8,25.5,23.2,32.5,https://vip.oalur.com/analysis/market/list?date=2025-12-01&endDate=2025-12-31&salesSeller=1&start=2025-01&end=2025-12&pathId=26054147031&pathName=Sets(Current)&site=UK
Sets,10.7,13.1,9.2,10.7,14.2,15.8,18.1,12.8,15.2,23.6,17.5,30.3,https://vip.oalur.com/analysis/market/list?date=2025-12-01&endDate=2025-12-31&salesSeller=1&start=2025-01&end=2025-12&pathId=13623307031&pathName=Sets(Current)&site=UK
Sets,6.9,11.9,8.2,9,10.8,8.8,10.3,9.7,12.7,43.1,21.4,33.8,https://vip.oalur.com/analysis/market/list?date=2025-10-01&endDate=2025-10-31&salesSeller=1&start=2025-01&end=2025-12&pathId=4781710031&pathName=Sets(Current)&site=UK
Sets,5.6,11.8,8,13.4,18.1,19.1,18.1,13.8,12.5,10.5,8.9,12.4,https://vip.oalur.com/analysis/market/list?date=2025-06-01&endDate=2025-06-30&salesSeller=1&start=2025-01&end=2025-12&pathId=3939435031&pathName=Sets(Current)&site=UK
Sets,27.2,23.3,18.7,16.5,16.2,14.9,25.8,19.2,38.8,37.7,37,46.5,https://vip.oalur.com/analysis/market/list?date=2025-12-01&endDate=2025-12-31&salesSeller=1&start=2025-01&end=2025-12&pathId=27359447031&pathName=Sets(Current)&site=UK
Sets,9.5,12.7,8.1,8.8,11.1,9.2,10.8,10.4,10.7,9.7,9.2,7.8,https://vip.oalur.com/analysis/market/list?date=2025-02-01&endDate=2025-02-28&salesSeller=1&start=2025-01&end=2025-12&pathId=1731222031&pathName=Sets(Current)&site=UK
Sets,10.4,11.6,6.9,8.3,8.8,9.4,7.7,8.1,12.2,16,17.7,40.7,https://vip.oalur.com/analysis/market/list?date=2025-12-01&endDate=2025-12-31&salesSeller=1&start=2025-01&end=2025-12&pathId=1731358031&pathName=Sets(Current)&site=UK
Sets,10.6,14.1,5.8,8.7,7.9,7.8,7.2,8.1,17.4,19.8,21.1,33.5,https://vip.oalur.com/analysis/market/list?date=2025-12-01&endDate=2025-12-31&salesSeller=1&start=2025-01&end=2025-12&pathId=3939937031&pathName=Sets(Current)&site=UK
Sets,5.8,10.4,10.9,20.4,26,19.6,22.6,15,14.1,14,9.3,10.3,https://vip.oalur.com/analysis/market/list?date=2025-05-01&endDate=2025-05-31&salesSeller=1&start=2025-01&end=2025-12&pathId=1731466031&pathName=Sets(Current)&site=UK
Sets,10.4,14.8,11.3,13.2,12.9,12,13.1,11.8,13.1,14.5,12.3,12.2,https://vip.oalur.com/analysis/market/list?date=2025-02-01&endDate=2025-02-28&salesSeller=1&start=2025-01&end=2025-12&pathId=1731217031&pathName=Sets(Current)&site=UK
Sets,7.2,14.3,9.4,11.9,12.9,11.5,10.7,10.7,11.3,10.8,9.2,8.8,https://vip.oalur.com/analysis/market/list?date=2025-02-01&endDate=2025-02-28&salesSeller=1&start=2025-01&end=2025-12&pathId=1731487031&pathName=Sets(Current)&site=UK
Sets,9,11.9,9.9,12.8,13.3,11,13.8,11.3,12.4,12.2,10.8,15.4,https://vip.oalur.com/analysis/market/list?date=2025-12-01&endDate=2025-12-31&salesSeller=1&start=2025-01&end=2025-12&pathId=1731449031&pathName=Sets(Current)&site=UK
Sets,4.7,6.7,6.4,12.1,21.9,17,24,17.7,10.7,6.1,4.4,4.7,https://vip.oalur.com/analysis/market/list?date=2025-07-01&endDate=2025-07-31&salesSeller=1&start=2025-01&end=2025-12&pathId=3939461031&pathName=Sets(Current)&site=UK
Sets,5.9,9.3,4,12.2,13.2,13.1,19.7,19.2,10.7,8.9,6.8,7.4,https://vip.oalur.com/analysis/market/list?date=2025-07-01&endDate=2025-07-31&salesSeller=1&start=2025-01&end=2025-12&pathId=14650778031&pathName=Sets(Current)&site=UK
Sets,4.9,7.7,9,14,17.4,14.6,18.3,12.7,9.6,7.7,6.9,10.5,https://vip.oalur.com/analysis/market/list?date=2025-07-01&endDate=2025-07-31&salesSeller=1&start=2025-01&end=2025-12&pathId=16149072031&pathName=Sets(Current)&site=UK
Sets,10.3,11.6,7.6,10.4,12.8,11.2,14.3,11.8,12.4,11.8,10.5,10.9,https://vip.oalur.com/analysis/market/list?date=2025-07-01&endDate=2025-07-31&salesSeller=1&start=2025-01&end=2025-12&pathId=3940006031&pathName=Sets(Current)&site=UK
Sets,5.1,8.5,5.4,7,8.3,16.1,25.8,16,8.8,7.3,8.5,19.2,https://vip.oalur.com/analysis/market/list?date=2025-07-01&endDate=2025-07-31&salesSeller=1&start=2025-01&end=2025-12&pathId=1731050031&pathName=Sets(Current)&site=UK
Sets,5.9,10,6.1,10,10.7,8.8,9.3,9.4,10,9.6,10.6,16.1,https://vip.oalur.com/analysis/market/list?date=2025-12-01&endDate=2025-12-31&salesSeller=1&start=2025-01&end=2025-12&pathId=3939512031&pathName=Sets(Current)&site=UK
Sets,42,43.8,46.7,57.1,67.1,55.2,68.8,54.6,53.8,56.1,45.3,79,https://vip.oalur.com/analysis/market/list?date=2025-12-01&endDate=2025-12-31&salesSeller=1&start=2025-01&end=2025-12&pathId=94998609031&pathName=Sets(Current)&site=UK
Sets,11.1,10.6,9.7,13,13.7,18.9,40.3,19.7,28.8,24.6,24.2,30.9,https://vip.oalur.com/analysis/market/list?date=2025-07-01&endDate=2025-07-31&salesSeller=1&start=2025-01&end=2025-12&pathId=3521324031&pathName=Sets(Current)&site=UK
Sets,4,5.3,5.6,7.8,9.8,9.9,10.5,7.3,7.1,7.8,9.3,35.3,https://vip.oalur.com/analysis/market/list?date=2025-12-01&endDate=2025-12-31&salesSeller=1&start=2025-01&end=2025-12&pathId=8323213031&pathName=Sets(Current)&site=UK
Sets,3.3,5.9,4.9,11.2,17,16.3,22.7,14.4,10.2,8.7,5.3,5,https://vip.oalur.com/analysis/market/list?date=2025-07-01&endDate=2025-07-31&salesSeller=1&start=2025-01&end=2025-12&pathId=1731344031&pathName=Sets(Current)&site=UK
Sets,7,10.7,4.8,7.7,7.2,6.4,6.3,6.1,9.2,9.8,8.2,13.6,https://vip.oalur.com/analysis/market/list?date=2025-12-01&endDate=2025-12-31&salesSeller=1&start=2025-01&end=2025-12&pathId=1731349031&pathName=Sets(Current)&site=UK
Sets,8.3,8.6,4.8,3.2,3.3,3.7,4,3.3,7.4,8.3,10.8,12.3,https://vip.oalur.com/analysis/market/list?date=2025-12-01&endDate=2025-12-31&salesSeller=1&start=2025-01&end=2025-12&pathId=3076531031&pathName=Sets(Current)&site=UK
Sets,16.6,19.1,9.6,5.3,2.1,2,2.2,2,4,5.4,10.6,21.8,https://vip.oalur.com/analysis/market/list?date=2025-12-01&endDate=2025-12-31&salesSeller=1&start=2025-01&end=2025-12&pathId=26054129031&pathName=Sets(Current)&site=UK
Sets,6.5,10,6.9,10,11.9,10.1,12.2,9.9,11,11,9.4,9.8,https://vip.oalur.com/analysis/market/list?date=2025-07-01&endDate=2025-07-31&salesSeller=1&start=2025-01&end=2025-12&pathId=13623309031&pathName=Sets(Current)&site=UK
Sets,7.1,10,6.4,8.5,8.9,7.7,8.2,6.8,8,8.5,8.7,11.6,https://vip.oalur.com/analysis/market/list?date=2025-12-01&endDate=2025-12-31&salesSeller=1&start=2025-01&end=2025-12&pathId=3939316031&pathName=Sets(Current)&site=UK
Sets,7.6,9.6,6,8.7,9.4,8.1,7.1,6.1,10,15.2,15.5,19.6,https://vip.oalur.com/analysis/market/list?date=2025-12-01&endDate=2025-12-31&salesSeller=1&start=2025-01&end=2025-12&pathId=1730984031&pathName=Sets(Current)&site=UK
Sets,7.1,8.2,6.6,9.3,12.7,12.3,16.2,11.8,11.1,10.8,8.1,9.6,https://vip.oalur.com/analysis/market/list?date=2025-07-01&endDate=2025-07-31&salesSeller=1&start=2025-01&end=2025-12&pathId=26971327031&pathName=Sets(Current)&site=UK
Sets,25.4,32.2,9.5,6.8,7.2,6.6,6.5,5.3,10.5,15.7,27.6,36.1,https://vip.oalur.com/analysis/market/list?date=2025-12-01&endDate=2025-12-31&salesSeller=1&start=2025-01&end=2025-12&pathId=3939932031&pathName=Sets(Current)&site=UK
Sets,7.9,9.8,5.2,5.5,4.8,4.7,3.9,4.2,8.6,10.2,12.7,14.6,https://vip.oalur.com/analysis/market/list?date=2025-12-01&endDate=2025-12-31&salesSeller=1&start=2025-01&end=2025-12&pathId=3939437031&pathName=Sets(Current)&site=UK
Sets,4.4,8.8,5.3,10.5,12.5,10.2,12.7,8.9,9.4,7.9,7.7,9.1,https://vip.oalur.com/analysis/market/list?date=2025-07-01&endDate=2025-07-31&salesSeller=1&start=2025-01&end=2025-12&pathId=3939425031&pathName=Sets(Current)&site=UK
Sets,6.7,7.3,5.3,5.6,6.9,6.2,7.7,6.2,5.6,4.8,4.8,6.5,https://vip.oalur.com/analysis/market/list?date=2025-07-01&endDate=2025-07-31&salesSeller=1&start=2025-01&end=2025-12&pathId=1731427031&pathName=Sets(Current)&site=UK
Sets,4.3,6.2,5.3,3.8,4.8,4.8,4.8,4.5,12.6,12.2,6.1,5,https://vip.oalur.com/analysis/market/list?date=2025-09-01&endDate=2025-09-30&salesSeller=1&start=2025-01&end=2025-12&pathId=1731221031&pathName=Sets(Current)&site=UK
Sets,4.8,8,5.1,6.7,7.6,6.7,8.3,6.3,8.9,10.5,8.3,8.4,https://vip.oalur.com/analysis/market/list?date=2025-10-01&endDate=2025-10-31&salesSeller=1&start=2025-01&end=2025-12&pathId=1730997031&pathName=Sets(Current)&site=UK
Sets,4.1,8,4.9,5.2,5.8,9,7.4,5.9,5.3,8.6,6.8,11.5,https://vip.oalur.com/analysis/market/list?date=2025-12-01&endDate=2025-12-31&salesSeller=1&start=2025-01&end=2025-12&pathId=1731101031&pathName=Sets(Current)&site=UK
Sets,6.7,9.7,7,6.2,8,8.1,6.9,5.5,9.7,8.6,8.4,8.5,https://vip.oalur.com/analysis/market/list?date=2025-02-01&endDate=2025-02-28&salesSeller=1&start=2025-01&end=2025-12&pathId=3939736031&pathName=Sets(Current)&site=UK
Sets,8,9.4,4.5,4.8,3.8,2.8,2.1,2.5,5.9,8.5,9.5,12.3,https://vip.oalur.com/analysis/market/list?date=2025-12-01&endDate=2025-12-31&salesSeller=1&start=2025-01&end=2025-12&pathId=1731360031&pathName=Sets(Current)&site=UK
Sets,2.5,4.3,4.1,8.1,12,11.8,17.5,11,6.4,6.2,3.6,2.8,https://vip.oalur.com/analysis/market/list?date=2025-07-01&endDate=2025-07-31&salesSeller=1&start=2025-01&end=2025-12&pathId=3940121031&pathName=Sets(Current)&site=UK
Sets,3.3,6.7,4.6,7.8,10.5,8.6,10.7,7.5,6,5.6,5.2,5.8,https://vip.oalur.com/analysis/market/list?date=2025-07-01&endDate=2025-07-31&salesSeller=1&start=2025-01&end=2025-12&pathId=1731411031&pathName=Sets(Current)&site=UK
Sets,2.6,4.8,5.3,13,25.1,20.1,30.9,18.4,9.4,5.4,3.3,3.4,https://vip.oalur.com/analysis/market/list?date=2025-07-01&endDate=2025-07-31&salesSeller=1&start=2025-01&end=2025-12&pathId=3076567031&pathName=Sets(Current)&site=UK
Sets,12.4,9.3,5,6.9,9.4,7.7,13.3,10.7,7.2,5.5,4.6,7.2,https://vip.oalur.com/analysis/market/list?date=2025-07-01&endDate=2025-07-31&salesSeller=1&start=2025-01&end=2025-12&pathId=27980937031&pathName=Sets(Current)&site=UK
Sets,22.1,18.9,7.5,4.5,2.4,2,2,2.4,4.5,7.3,12.9,26.8,https://vip.oalur.com/analysis/market/list?date=2025-12-01&endDate=2025-12-31&salesSeller=1&start=2025-01&end=2025-12&pathId=26054125031&pathName=Sets(Current)&site=UK
Sets,5.4,9.7,4,8.3,8.9,7.1,6.7,7.1,7.8,9.5,10.7,12.8,https://vip.oalur.com/analysis/market/list?date=2025-12-01&endDate=2025-12-31&salesSeller=1&start=2025-01&end=2025-12&pathId=1731014031&pathName=Sets(Current)&site=UK
Sets,5.4,6.6,4.8,6.4,6.4,6.5,6.9,6.2,6.8,6.5,6.2,5.7,https://vip.oalur.com/analysis/market/list?date=2025-07-01&endDate=2025-07-31&salesSeller=1&start=2025-01&end=2025-12&pathId=1731218031&pathName=Sets(Current)&site=UK
Sets,3.5,7.3,4.6,7.6,9,8.6,9.2,8.5,8.4,10,7.9,7.3,https://vip.oalur.com/analysis/market/list?date=2025-10-01&endDate=2025-10-31&salesSeller=1&start=2025-01&end=2025-12&pathId=1731488031&pathName=Sets(Current)&site=UK
Sets,7,15.6,9.6,9.6,12.9,20.8,30,12.2,8.9,7.9,7.8,13.6,https://vip.oalur.com/analysis/market/list?date=2025-07-01&endDate=2025-07-31&salesSeller=1&start=2025-01&end=2025-12&pathId=3939875031&pathName=Sets(Current)&site=UK
Sets,4.3,5.8,4,6.2,7.6,8.2,9.7,7.8,6.9,4.9,5.1,6.3,https://vip.oalur.com/analysis/market/list?date=2025-07-01&endDate=2025-07-31&salesSeller=1&start=2025-01&end=2025-12&pathId=1731023031&pathName=Sets(Current)&site=UK
Sets,3.3,4.5,2.3,3.8,4.4,4.1,3.4,3.9,4.1,3.7,5.3,5.6,https://vip.oalur.com/analysis/market/list?date=2025-12-01&endDate=2025-12-31&salesSeller=1&start=2025-01&end=2025-12&pathId=3939443031&pathName=Sets(Current)&site=UK
Sets,5,6.2,3.5,4.4,5.3,4.8,5.5,4.4,4.5,6.2,7.8,10.4,https://vip.oalur.com/analysis/market/list?date=2025-12-01&endDate=2025-12-31&salesSeller=1&start=2025-01&end=2025-12&pathId=1730992031&pathName=Sets(Current)&site=UK
Sets,6.8,6.8,3,3,3,2.6,6.5,6.4,8.9,9.1,6.5,11.3,https://vip.oalur.com/analysis/market/list?date=2025-12-01&endDate=2025-12-31&salesSeller=1&start=2025-01&end=2025-12&pathId=1731454031&pathName=Sets(Current)&site=UK
Sets,3.3,7.2,3.4,5.4,6.7,4.9,4.4,2.5,3.8,4.4,4.2,3,https://vip.oalur.com/analysis/market/list?date=2025-02-01&endDate=2025-02-28&salesSeller=1&start=2025-01&end=2025-12&pathId=3939485031&pathName=Sets(Current)&site=UK
Sets,5.1,6.1,3.8,3.9,5.7,4.5,3.2,2,7.1,5.6,4.6,1.8,https://vip.oalur.com/analysis/market/list?date=2025-09-01&endDate=2025-09-30&salesSeller=1&start=2025-01&end=2025-12&pathId=1731256031&pathName=Sets(Current)&site=UK
Sets,1.6,5.4,1.5,2.7,2.8,1.4,1.1,1.5,2.2,5.5,2.4,1.9,https://vip.oalur.com/analysis/market/list?date=2025-10-01&endDate=2025-10-31&salesSeller=1&start=2025-01&end=2025-12&pathId=1731119031&pathName=Sets(Current)&site=UK
Sets,3.4,7.9,2.7,4.2,3.6,2.7,2.2,2.8,4.7,4.8,10.3,21.9,https://vip.oalur.com/analysis/market/list?date=2025-12-01&endDate=2025-12-31&salesSeller=1&start=2025-01&end=2025-12&pathId=1731097031&pathName=Sets(Current)&site=UK
Sets,4,5.8,2.9,3.9,4.6,3.9,3.4,2.7,7.4,6,7.3,12.3,https://vip.oalur.com/analysis/market/list?date=2025-12-01&endDate=2025-12-31&salesSeller=1&start=2025-01&end=2025-12&pathId=3939455031&pathName=Sets(Current)&site=UK
Sets,3.4,5.2,2.5,2.6,2.8,1.9,2.2,2.7,4.5,5.3,6.5,8,https://vip.oalur.com/analysis/market/list?date=2025-12-01&endDate=2025-12-31&salesSeller=1&start=2025-01&end=2025-12&pathId=3076557031&pathName=Sets(Current)&site=UK
Sets,2.7,5.3,2.8,3.5,4.1,4,3.7,3,3.6,6.6,4,3.2,https://vip.oalur.com/analysis/market/list?date=2025-10-01&endDate=2025-10-31&salesSeller=1&start=2025-01&end=2025-12&pathId=3939489031&pathName=Sets(Current)&site=UK
Sets,2.3,5.2,2.7,4.4,4.2,4.3,4.7,4.9,4.8,4.6,3,3.2,https://vip.oalur.com/analysis/market/list?date=2025-02-01&endDate=2025-02-28&salesSeller=1&start=2025-01&end=2025-12&pathId=1731484031&pathName=Sets(Current)&site=UK
Sets,2.1,4.6,2.2,5.3,7.2,6,5.7,5.3,5.3,3.6,3.4,2.9,https://vip.oalur.com/analysis/market/list?date=2025-05-01&endDate=2025-05-31&salesSeller=1&start=2025-01&end=2025-12&pathId=3939426031&pathName=Sets(Current)&site=UK
Sets,2.4,3.8,4,4.9,6.2,4.5,5.6,4.6,4.3,3.7,2.5,2.6,https://vip.oalur.com/analysis/market/list?date=2025-05-01&endDate=2025-05-31&salesSeller=1&start=2025-01&end=2025-12&pathId=26971328031&pathName=Sets(Current)&site=UK
Sets,2.9,4.6,3.2,4.5,4.8,4.5,4.9,4.6,4.6,7.8,5.1,3.9,https://vip.oalur.com/analysis/market/list?date=2025-10-01&endDate=2025-10-31&salesSeller=1&start=2025-01&end=2025-12&pathId=1731199031&pathName=Sets(Current)&site=UK
Sets,4.7,5.5,3.5,4.9,4.5,3.4,3,3.3,6.4,9.4,15.2,25.8,https://vip.oalur.com/analysis/market/list?date=2025-12-01&endDate=2025-12-31&salesSeller=1&start=2025-01&end=2025-12&pathId=1731336031&pathName=Sets(Current)&site=UK
Sets,1.7,4.7,2.1,3.9,4.7,3.8,3.9,3,3.9,3.8,4.7,3.6,https://vip.oalur.com/analysis/market/list?date=2025-11-01&endDate=2025-11-30&salesSeller=1&start=2025-01&end=2025-12&pathId=1731485031&pathName=Sets(Current)&site=UK
Sets,1.4,2.9,1.9,3.4,3.8,2.8,2.5,2.8,2.5,2.3,2.7,4.3,https://vip.oalur.com/analysis/market/list?date=2025-12-01&endDate=2025-12-31&salesSeller=1&start=2025-01&end=2025-12&pathId=3939515031&pathName=Sets(Current)&site=UK
Sets,18.6,24.9,27.1,30.9,38.2,36.5,43.2,32.1,34.9,38.2,29.2,45.4,https://vip.oalur.com/analysis/market/list?date=2025-12-01&endDate=2025-12-31&salesSeller=1&start=2025-01&end=2025-12&pathId=94998608031&pathName=Sets(Current)&site=UK
Sets,9,2,1.7,4.6,6.3,6.2,9.2,5.9,3.6,2.3,1.6,1.5,https://vip.oalur.com/analysis/market/list?date=2025-07-01&endDate=2025-07-31&salesSeller=1&start=2025-01&end=2025-12&pathId=3940122031&pathName=Sets(Current)&site=UK
Sets,1.8,3.4,2.5,3.1,3.8,3.2,3.6,3.2,5.2,7.1,6,7.5,https://vip.oalur.com/analysis/market/list?date=2025-12-01&endDate=2025-12-31&salesSeller=1&start=2025-01&end=2025-12&pathId=15657686031&pathName=Sets(Current)&site=UK
Sets,4,1.1,7,1.9,2.8,2.3,3.6,2.6,1.7,1.6,1.1,6,https://vip.oalur.com/analysis/market/list?date=2025-03-01&endDate=2025-03-31&salesSeller=1&start=2025-01&end=2025-12&pathId=4551235031&pathName=Sets(Current)&site=UK
Sets,1.5,2.9,1.7,3.3,4.1,3.6,4.5,3,2.5,3.5,2.3,2.8,https://vip.oalur.com/analysis/market/list?date=2025-07-01&endDate=2025-07-31&salesSeller=1&start=2025-01&end=2025-12&pathId=3939224031&pathName=Sets(Current)&site=UK
Sets,7,3.9,2.7,2.6,3.7,4.3,4.8,14.8,26.4,7.9,9.1,6.5,https://vip.oalur.com/analysis/market/list?date=2025-09-01&endDate=2025-09-30&salesSeller=1&start=2025-01&end=2025-12&pathId=1731247031&pathName=Sets(Current)&site=UK
Sets,2.9,5.2,2.9,3.9,5.3,3.5,2.8,3.4,4.8,3.8,3.4,3.6,https://vip.oalur.com/analysis/market/list?date=2025-05-01&endDate=2025-05-31&salesSeller=1&start=2025-01&end=2025-12&pathId=1731015031&pathName=Sets(Current)&site=UK
Sets,2.5,4.3,1.7,3.9,3.6,2.9,2.9,3.1,3.6,3.1,4.5,4.6,https://vip.oalur.com/analysis/market/list?date=2025-12-01&endDate=2025-12-31&salesSeller=1&start=2025-01&end=2025-12&pathId=1731017031&pathName=Sets(Current)&site=UK
Sets,2.6,4.2,3.2,3.5,2,1.1,1.1,1.2,2.7,2.9,3.1,5.5,https://vip.oalur.com/analysis/market/list?date=2025-12-01&endDate=2025-12-31&salesSeller=1&start=2025-01&end=2025-12&pathId=1731340031&pathName=Sets(Current)&site=UK
Sets,1.3,2,7,1.2,1.4,7,7,1.3,1.8,2.9,3.5,7,https://vip.oalur.com/analysis/market/list?date=2025-03-01&endDate=2025-03-31&salesSeller=1&start=2025-01&end=2025-12&pathId=1731461031&pathName=Sets(Current)&site=UK
Sets,2.7,4,2.1,4.7,4.2,4.1,3.6,3.5,3.8,7.1,4.6,4.5,https://vip.oalur.com/analysis/market/list?date=2025-10-01&endDate=2025-10-31&salesSeller=1&start=2025-01&end=2025-12&pathId=4781711031&pathName=Sets(Current)&site=UK
Sets,2.6,4.4,2.5,3.6,4.2,3.2,3.7,3.4,3.7,3.6,4,3.5,https://vip.oalur.com/analysis/market/list?date=2025-02-01&endDate=2025-02-28&salesSeller=1&start=2025-01&end=2025-12&pathId=1731225031&pathName=Sets(Current)&site=UK
Sets,8.7,10.4,8.8,15.1,18.7,11.5,11.3,6.9,8.1,7,5.6,11.9,https://vip.oalur.com/analysis/market/list?date=2025-05-01&endDate=2025-05-31&salesSeller=1&start=2025-01&end=2025-12&pathId=26054060031&pathName=Sets(Current)&site=UK
Sets,5,1.2,5,6.1,8.5,4.7,3.7,2.5,1.2,6,5,6,https://vip.oalur.com/analysis/market/list?date=2025-05-01&endDate=2025-05-31&salesSeller=1&start=2025-01&end=2025-12&pathId=3939371031&pathName=Sets(Current)&site=UK
Sets,4.4,5.3,4.7,6.9,12.1,12.8,16.9,10.9,10.9,11.7,11.8,18.8,https://vip.oalur.com/analysis/market/list?date=2025-12-01&endDate=2025-12-31&salesSeller=1&start=2025-01&end=2025-12&pathId=3939558031&pathName=Sets(Current)&site=UK
Sets,6.3,7.5,4.4,2.9,2.4,2.2,2.1,2.4,4.1,4.1,6.4,7.4,https://vip.oalur.com/analysis/market/list?date=2025-02-01&endDate=2025-02-28&salesSeller=1&start=2025-01&end=2025-12&pathId=26054130031&pathName=Sets(Current)&site=UK
Sets,4,8,3,4,5,5,4,4,9,4,2.4,2.7,https://vip.oalur.com/analysis/market/list?date=2025-09-01&endDate=2025-09-30&salesSeller=1&start=2025-01&end=2025-12&pathId=3939439031&pathName=Sets(Current)&site=UK
Sets,3.7,4.2,3,4,5.5,4.5,6,5.4,6.2,6.5,12.4,25.2,https://vip.oalur.com/analysis/market/list?date=2025-12-01&endDate=2025-12-31&salesSeller=1&start=2025-01&end=2025-12&pathId=3939545031&pathName=Sets(Current)&site=UK
Sets,2,1.9,1.1,1.4,2.1,1.6,1.4,4.4,10.6,4.2,3,2.2,https://vip.oalur.com/analysis/market/list?date=2025-09-01&endDate=2025-09-30&salesSeller=1&start=2025-01&end=2025-12&pathId=1731254031&pathName=Sets(Current)&site=UK
Sets,1.2,3.5,1.1,2.3,1.8,1.5,1.4,1.9,2,2.3,4.3,11.3,https://vip.oalur.com/analysis/market/list?date=2025-12-01&endDate=2025-12-31&salesSeller=1&start=2025-01&end=2025-12&pathId=1731045031&pathName=Sets(Current)&site=UK
Sets,1,2,1.1,3.5,5.8,5.3,6.7,4.7,3.1,2.4,1.8,1.5,https://vip.oalur.com/analysis/market/list?date=2025-07-01&endDate=2025-07-31&salesSeller=1&start=2025-01&end=2025-12&pathId=3940117031&pathName=Sets(Current)&site=UK
Sets,9,1.6,1.8,5,7.9,6,7.6,4.7,2.5,1.5,1.3,1.3,https://vip.oalur.com/analysis/market/list?date=2025-01-01&endDate=2025-01-31&salesSeller=1&start=2025-01&end=2025-12&pathId=1731435031&pathName=Sets(Current)&site=UK
Sets,8,1.5,7,1.1,7,6,8,7,6,,,,https://vip.oalur.com/analysis/market/list?date=2025-01-01&endDate=2025-01-31&salesSeller=1&start=2025-01&end=2025-12&pathId=27980940031&pathName=Sets(Current)&site=UK
Sets,6.8,7.3,5,1.6,2,1.2,1.1,1.1,1.6,1.6,2.7,3.6,https://vip.oalur.com/analysis/market/list?date=2025-02-01&endDate=2025-02-28&salesSeller=1&start=2025-01&end=2025-12&pathId=3939954031&pathName=Sets(Current)&site=UK
Sets,1.7,1.7,1.6,2.2,2.7,5.1,5.8,5.5,5.1,3.6,2.4,4,https://vip.oalur.com/analysis/market/list?date=2025-07-01&endDate=2025-07-31&salesSeller=1&start=2025-01&end=2025-12&pathId=4274151031&pathName=Sets(Current)&site=UK
Sets,1.8,2.6,1.4,2,2.6,1.8,2.1,1.9,2.1,2.2,2.3,3.6,https://vip.oalur.com/analysis/market/list?date=2025-12-01&endDate=2025-12-31&salesSeller=1&start=2025-01&end=2025-12&pathId=1731428031&pathName=Sets(Current)&site=UK
Sets,6,1.6,6,1.1,7,5,6,9,1.2,1.5,4.5,9.6,https://vip.oalur.com/analysis/market/list?date=2025-12-01&endDate=2025-12-31&salesSeller=1&start=2025-01&end=2025-12&pathId=1731099031&pathName=Sets(Current)&site=UK
Sets,7,2.3,1.5,4,5.1,3.2,3.2,3.2,2.6,1.8,1.6,2.4,https://vip.oalur.com/analysis/market/list?date=2025-01-01&endDate=2025-01-31&salesSeller=1&start=2025-01&end=2025-12&pathId=3939456031&pathName=Sets(Current)&site=UK
Sets,2.1,3.9,1.2,1.6,1.3,1.1,1.3,1.5,2.8,4,4.8,7,https://vip.oalur.com/analysis/market/list?date=2025-12-01&endDate=2025-12-31&salesSeller=1&start=2025-01&end=2025-12&pathId=3076755031&pathName=Sets(Current)&site=UK
Sets,2.1,3.7,2.8,5,8.4,7.1,8.9,5.3,5.4,7.4,7.6,8.1,https://vip.oalur.com/analysis/market/list?date=2025-07-01&endDate=2025-07-31&salesSeller=1&start=2025-01&end=2025-12&pathId=26054148031&pathName=Sets(Current)&site=UK
Sets,1,3,4,4,4,3,5,3,2,1,1,,https://vip.oalur.com/analysis/market/list?date=2025-07-01&endDate=2025-07-31&salesSeller=1&start=2025-01&end=2025-12&pathId=3940010031&pathName=Sets(Current)&site=UK
Sets,5,8,3,4,5,3,3,4,1.3,5.1,10,24.2,https://vip.oalur.com/analysis/market/list?date=2025-12-01&endDate=2025-12-31&salesSeller=1&start=2025-01&end=2025-12&pathId=1731126031&pathName=Sets(Current)&site=UK
Sets,3.5,5.6,4,4.4,4.7,4.4,3.7,3.5,5.8,6.3,4.7,5.1,https://vip.oalur.com/analysis/market/list?date=2025-10-01&endDate=2025-10-31&salesSeller=1&start=2025-01&end=2025-12&pathId=26054024031&pathName=Sets(Current)&site=UK
Sets,1.8,3.4,1.5,2.1,2.4,2.1,2.4,2.6,2.8,3.1,2.7,2.5,https://vip.oalur.com/analysis/market/list?date=2025-02-01&endDate=2025-02-28&salesSeller=1&start=2025-01&end=2025-12&pathId=26054045031&pathName=Sets(Current)&site=UK
Sets,9,1.3,2.5,2.8,2.3,1.6,2,1.8,3,4.8,6.3,2.8,https://vip.oalur.com/analysis/market/list?date=2025-01-01&endDate=2025-01-31&salesSeller=1&start=2025-01&end=2025-12&pathId=3939490031&pathName=Sets(Current)&site=UK
Sets,8,1.2,6,1.3,1.5,1.7,1.6,1.4,1.6,1.6,1.6,2.2,https://vip.oalur.com/analysis/market/list?date=2025-01-01&endDate=2025-01-31&salesSeller=1&start=2025-01&end=2025-12&pathId=1731141031&pathName=Sets(Current)&site=UK
Sets,2.8,4.6,1.4,1.2,9,7,9,1.2,1.8,1.9,3,3.7,https://vip.oalur.com/analysis/market/list?date=2025-05-01&endDate=2025-05-31&salesSeller=1&start=2025-01&end=2025-12&pathId=3076769031&pathName=Sets(Current)&site=UK
Sets,2.3,3.1,1.4,1.7,2,1.5,1.4,1.6,2.5,3.3,3.6,3.6,https://vip.oalur.com/analysis/market/list?date=2025-12-01&endDate=2025-12-31&salesSeller=1&start=2025-01&end=2025-12&pathId=3939458031&pathName=Sets(Current)&site=UK
Sets,1.5,1.9,8,1.1,1.3,1.1,1.2,1.4,1.7,3.3,4.3,4.9,https://vip.oalur.com/analysis/market/list?date=2025-03-01&endDate=2025-03-31&salesSeller=1&start=2025-01&end=2025-12&pathId=3076675031&pathName=Sets(Current)&site=UK
Sets,2.3,3.2,1.8,2.5,3,3.1,3.3,2.1,8,5,5,8,https://vip.oalur.com/analysis/market/list?date=2025-09-01&endDate=2025-09-30&salesSeller=1&start=2025-01&end=2025-12&pathId=16090367031&pathName=Sets(Current)&site=UK
Sets,8,1.1,8,9,1.4,1,1.3,1.2,1.1,7,1.2,9,https://vip.oalur.com/analysis/market/list?date=2025-04-01&endDate=2025-04-30&salesSeller=1&start=2025-01&end=2025-12&pathId=3940004031&pathName=Sets(Current)&site=UK
Sets,1.6,2.5,1.4,1.8,1.8,1.7,2.1,1.9,1.9,1.6,1.5,2.8,https://vip.oalur.com/analysis/market/list?date=2025-12-01&endDate=2025-12-31&salesSeller=1&start=2025-01&end=2025-12&pathId=3939678031&pathName=Sets(Current)&site=UK
Sets,1.2,2.3,1.2,1.6,1.8,1.5,1.3,1.7,2.5,4.4,2.1,1.6,https://vip.oalur.com/analysis/market/list?date=2025-10-01&endDate=2025-10-31&salesSeller=1&start=2025-01&end=2025-12&pathId=3939737031&pathName=Sets(Current)&site=UK
Sets,1.5,2.5,7,7,9,7,9,7,1.2,9,1.8,1.3,https://vip.oalur.com/analysis/market/list?date=2025-05-01&endDate=2025-05-31&salesSeller=1&start=2025-01&end=2025-12&pathId=26054126031&pathName=Sets(Current)&site=UK
Sets,1.1,2.1,1.6,4,4.7,5,5.9,3.9,7.3,5.6,2.9,2.7,https://vip.oalur.com/analysis/market/list?date=2025-09-01&endDate=2025-09-30&salesSeller=1&start=2025-01&end=2025-12&pathId=3939719031&pathName=Sets(Current)&site=UK
Sets,1.2,3.3,2,2.3,2.5,5.7,1.8,1.9,3,2.6,2.1,2.6,https://vip.oalur.com/analysis/market/list?date=2025-06-01&endDate=2025-06-30&salesSeller=1&start=2025-01&end=2025-12&pathId=3939665031&pathName=Sets(Current)&site=UK
Sets,8,1.8,1.1,1.3,1.2,1.1,8,1.1,1.3,1.4,1.4,3,https://vip.oalur.com/analysis/market/list?date=2025-01-01&endDate=2025-01-31&salesSeller=1&start=2025-01&end=2025-12&pathId=1731188031&pathName=Sets(Current)&site=UK
Sets,1.6,2,1.4,2.1,1.6,1.6,1.7,1.9,4,3.8,5.2,4.8,https://vip.oalur.com/analysis/market/list?date=2025-11-01&endDate=2025-11-30&salesSeller=1&start=2025-01&end=2025-12&pathId=3939516031&pathName=Sets(Current)&site=UK
Sets,9,1.8,1.1,2.1,2.6,2.1,2.1,2.2,1.9,1.6,1.2,1.6,https://vip.oalur.com/analysis/market/list?date=2025-01-01&endDate=2025-01-31&salesSeller=1&start=2025-01&end=2025-12&pathId=3939446031&pathName=Sets(Current)&site=UK
Sets,6,1.3,1.1,1.8,2.3,2.2,2.9,2,2.1,3.2,3.6,6,https://vip.oalur.com/analysis/market/list?date=2025-12-01&endDate=2025-12-31&salesSeller=1&start=2025-01&end=2025-12&pathId=3940110031&pathName=Sets(Current)&site=UK
Sets,1.8,2.7,2.9,4.2,4.6,4.3,6.1,3.1,2.4,2.1,1.9,2,https://vip.oalur.com/analysis/market/list?date=2025-07-01&endDate=2025-07-31&salesSeller=1&start=2025-01&end=2025-12&pathId=3940206031&pathName=Sets(Current)&site=UK
Sets,2,3,2,2,2,2,2,4,3,,,,https://vip.oalur.com/analysis/market/list?date=2025-08-01&endDate=2025-08-31&salesSeller=1&start=2025-01&end=2025-12&pathId=1731223031&pathName=Sets(Current)&site=UK
Sets,8,1.3,1.1,1.2,1.9,1.2,1.6,2.6,2.9,1.2,9,7,https://vip.oalur.com/analysis/market/list?date=2025-11-01&endDate=2025-11-30&salesSeller=1&start=2025-01&end=2025-12&pathId=1731253031&pathName=Sets(Current)&site=UK
Sets,9,2.2,1.1,1.5,1.3,7,7,9,1.4,1.4,1.1,1.5,https://vip.oalur.com/analysis/market/list?date=2025-01-01&endDate=2025-01-31&salesSeller=1&start=2025-01&end=2025-12&pathId=1731413031&pathName=Sets(Current)&site=UK
Sets,1.2,1.8,1.2,1.7,2.3,1.7,1.4,9,1.2,1.7,1,1.2,https://vip.oalur.com/analysis/market/list?date=2025-08-01&endDate=2025-08-31&salesSeller=1&start=2025-01&end=2025-12&pathId=3939143031&pathName=Sets(Current)&site=UK
Sets,1,1.4,1.1,1.4,1.8,1.2,1.2,1.4,1.8,1.9,1.7,1.7,https://vip.oalur.com/analysis/market/list?date=2025-10-01&endDate=2025-10-31&salesSeller=1&start=2025-01&end=2025-12&pathId=3939506031&pathName=Sets(Current)&site=UK
Sets,1,2,1.3,1.6,1.7,1.3,1.4,1.4,2,2.4,5.4,2.9,https://vip.oalur.com/analysis/market/list?date=2025-11-01&endDate=2025-11-30&salesSeller=1&start=2025-01&end=2025-12&pathId=1731120031&pathName=Sets(Current)&site=UK
Sets,1.1,1.8,9,1.1,9,7,9,7,9,,1.2,2,https://vip.oalur.com/analysis/market/list?date=2025-03-01&endDate=2025-03-31&salesSeller=1&start=2025-01&end=2025-12&pathId=4661642031&pathName=Sets(Current)&site=UK
Sets,1.1,1.8,7,9,1.3,5,4,7,1.1,1.3,1.4,2,https://vip.oalur.com/analysis/market/list?date=2025-04-01&endDate=2025-04-30&salesSeller=1&start=2025-01&end=2025-12&pathId=1731412031&pathName=Sets(Current)&site=UK
Sets,1.3,1.8,9,2.1,1.8,1.7,9,1.3,2.1,1.9,2.7,6.5,https://vip.oalur.com/analysis/market/list?date=2025-03-01&endDate=2025-03-31&salesSeller=1&start=2025-01&end=2025-12&pathId=1731019031&pathName=Sets(Current)&site=UK
Sets,7,1.1,5,7,7,5,8,5,1.6,1.7,2.1,2.8,https://vip.oalur.com/analysis/market/list?date=2025-07-01&endDate=2025-07-31&salesSeller=1&start=2025-01&end=2025-12&pathId=1731430031&pathName=Sets(Current)&site=UK
Sets,6,9,4,8,1.1,1.9,3.1,2,3.3,1.8,1.4,1.1,https://vip.oalur.com/analysis/market/list?date=2025-02-01&endDate=2025-02-28&salesSeller=1&start=2025-01&end=2025-12&pathId=26054085031&pathName=Sets(Current)&site=UK
Sets,7,1.6,6,1.2,1.4,9,8,7,7,8,6,6,https://vip.oalur.com/analysis/market/list?date=2025-06-01&endDate=2025-06-30&salesSeller=1&start=2025-01&end=2025-12&pathId=3939206031&pathName=Sets(Current)&site=UK
Sets,2,6,4,4,8,1.3,3.6,1.8,1.7,9,1.3,1.7,https://vip.oalur.com/analysis/market/list?date=2025-10-01&endDate=2025-10-31&salesSeller=1&start=2025-01&end=2025-12&pathId=1731137031&pathName=Sets(Current)&site=UK
Sets,1.3,1.5,8,6,9,4,3,4,1.1,1.1,1.4,2.5,https://vip.oalur.com/analysis/market/list?date=2025-05-01&endDate=2025-05-31&salesSeller=1&start=2025-01&end=2025-12&pathId=1731438031&pathName=Sets(Current)&site=UK
Sets,2,3,1,1.2,1.5,1.1,1.2,1.4,8,,,,https://vip.oalur.com/analysis/market/list?date=2025-09-01&endDate=2025-09-30&salesSeller=1&start=2025-01&end=2025-12&pathId=15317790031&pathName=Sets(Current)&site=UK
Sets,5,1.2,5,1.1,1.3,8,8,9,1.4,1.2,1,1,https://vip.oalur.com/analysis/market/list?date=2025-08-01&endDate=2025-08-31&salesSeller=1&start=2025-01&end=2025-12&pathId=3939666031&pathName=Sets(Current)&site=UK
Sets,7,1.4,8,1.6,2.8,2.1,1.9,2,1.8,1.1,7,8,https://vip.oalur.com/analysis/market/list?date=2025-03-01&endDate=2025-03-31&salesSeller=1&start=2025-01&end=2025-12&pathId=3939447031&pathName=Sets(Current)&site=UK
Sets,4,8,5,7,1,1.1,1.3,8,7,9,6,7,https://vip.oalur.com/analysis/market/list?date=2025-10-01&endDate=2025-10-31&salesSeller=1&start=2025-01&end=2025-12&pathId=1731139031&pathName=Sets(Current)&site=UK
Sets,4,5,1,2,2,2,3,2,2,3,5,9,https://vip.oalur.com/analysis/market/list?date=2025-12-01&endDate=2025-12-31&salesSeller=1&start=2025-01&end=2025-12&pathId=1731145031&pathName=Sets(Current)&site=UK
Sets,5,6,6,7,1.2,8,1,7,8,5,5,5,https://vip.oalur.com/analysis/market/list?date=2025-06-01&endDate=2025-06-30&salesSeller=1&start=2025-01&end=2025-12&pathId=3939464031&pathName=Sets(Current)&site=UK
Sets,1.1,1.5,1.9,1.2,1.1,7,8,1.9,4,2.4,2.7,2.3,https://vip.oalur.com/analysis/market/list?date=2025-07-01&endDate=2025-07-31&salesSeller=1&start=2025-01&end=2025-12&pathId=1731246031&pathName=Sets(Current)&site=UK
Sets,6,1.7,7,8,1,8,8,1,1.4,2.4,1.5,1.1,https://vip.oalur.com/analysis/market/list?date=2025-04-01&endDate=2025-04-30&salesSeller=1&start=2025-01&end=2025-12&pathId=1731163031&pathName=Sets(Current)&site=UK
Sets,5,8,4,6,6,4,5,4,4,3,4,1,https://vip.oalur.com/analysis/market/list?date=2025-02-01&endDate=2025-02-28&salesSeller=1&start=2025-01&end=2025-12&pathId=1731391031&pathName=Sets(Current)&site=UK
Sets,1.5,2.9,2,2.3,3.2,2.4,2.8,2.2,2.4,3.2,3,4.2,https://vip.oalur.com/analysis/market/list?date=2025-12-01&endDate=2025-12-31&salesSeller=1&start=2025-01&end=2025-12&pathId=1731392031&pathName=Sets(Current)&site=UK
Sets,4,5,4,4,6,4,4,5,5,8,9,8,https://vip.oalur.com/analysis/market/list?date=2025-11-01&endDate=2025-11-30&salesSeller=1&start=2025-01&end=2025-12&pathId=3939578031&pathName=Sets(Current)&site=UK
Sets,5,1.2,5,7,8,6,6,6,1,1.2,5,2.7,https://vip.oalur.com/analysis/market/list?date=2025-05-01&endDate=2025-05-31&salesSeller=1&start=2025-01&end=2025-12&pathId=2154594031&pathName=Sets(Current)&site=UK
Sets,3,4,4,1,1.2,1.2,9,1.2,1.2,6,3,3,https://vip.oalur.com/analysis/market/list?date=2025-07-01&endDate=2025-07-31&salesSeller=1&start=2025-01&end=2025-12&pathId=1731129031&pathName=Sets(Current)&site=UK
Sets,1.4,1.2,1.1,1,1.2,9,8,1.8,2,,,,https://vip.oalur.com/analysis/market/list?date=2025-06-01&endDate=2025-06-30&salesSeller=1&start=2025-01&end=2025-12&pathId=1731255031&pathName=Sets(Current)&site=UK
Sets,2,2.7,8,7,9,4.7,1,9,1,5,1.1,1.2,https://vip.oalur.com/analysis/market/list?date=2025-05-01&endDate=2025-05-31&salesSeller=1&start=2025-01&end=2025-12&pathId=1731044031&pathName=Sets(Current)&site=UK
Sets,1.3,1.8,1.1,1.6,1.6,1.6,1.4,1.7,4,4.8,5.3,7.2,https://vip.oalur.com/analysis/market/list?date=2025-12-01&endDate=2025-12-31&salesSeller=1&start=2025-01&end=2025-12&pathId=26054142031&pathName=Sets(Current)&site=UK
Sets,4,9,6,1.2,1.1,6,1.3,1.1,1.5,8,1.2,2.9,https://vip.oalur.com/analysis/market/list?date=2025-02-01&endDate=2025-02-28&salesSeller=1&start=2025-01&end=2025-12&pathId=3939207031&pathName=Sets(Current)&site=UK
Sets,534.5,1,927.5,3,2,1,3,2,1,,1,1.4,https://vip.oalur.com/analysis/market/list?date=2025-03-01&endDate=2025-03-31&salesSeller=1&start=2025-01&end=2025-12&pathId=1731124031&pathName=Sets(Current)&site=UK
Sets,1.1,1.8,1.1,1.4,1.6,1.4,1.1,1.1,1,9,2.1,1.8,https://vip.oalur.com/analysis/market/list?date=2025-10-01&endDate=2025-10-31&salesSeller=1&start=2025-01&end=2025-12&pathId=26054019031&pathName=Sets(Current)&site=UK
Sets,5,4,1,1,2,2,2,3,4,5,1.1,2.5,https://vip.oalur.com/analysis/market/list?date=2025-01-01&endDate=2025-01-31&salesSeller=1&start=2025-01&end=2025-12&pathId=1731123031&pathName=Sets(Current)&site=UK
Sets,4,8,4,1,1.5,1.3,1.4,1.2,1,1.1,1.1,1.2,https://vip.oalur.com/analysis/market/list?date=2025-02-01&endDate=2025-02-28&salesSeller=1&start=2025-01&end=2025-12&pathId=15317798031&pathName=Sets(Current)&site=UK
Sets,2,4,2,3,3,2,2,2,5,7,5,1.4,https://vip.oalur.com/analysis/market/list?date=2025-10-01&endDate=2025-10-31&salesSeller=1&start=2025-01&end=2025-12&pathId=3939487031&pathName=Sets(Current)&site=UK
Sets,4,3,3,3,1.2,3,2,3,2,2,3,4,https://vip.oalur.com/analysis/market/list?date=2025-01-01&endDate=2025-01-31&salesSeller=1&start=2025-01&end=2025-12&pathId=1731361031&pathName=Sets(Current)&site=UK
Sets,2,6,3,5,3,2,2,2,3,3,8,1.9,https://vip.oalur.com/analysis/market/list?date=2025-11-01&endDate=2025-11-30&salesSeller=1&start=2025-01&end=2025-12&pathId=1731049031&pathName=Sets(Current)&site=UK
Sets,3,5,2,4,5,4,3,4,5,5,3,3,https://vip.oalur.com/analysis/market/list?date=2025-02-01&endDate=2025-02-28&salesSeller=1&start=2025-01&end=2025-12&pathId=3939733031&pathName=Sets(Current)&site=UK
Sets,3,1,3,6,6,4,3,3,5,8,5,3,https://vip.oalur.com/analysis/market/list?date=2025-10-01&endDate=2025-10-31&salesSeller=1&start=2025-01&end=2025-12&pathId=3939144031&pathName=Sets(Current)&site=UK
Sets,3,4,3,3,6,3,4,2,3,,,,https://vip.oalur.com/analysis/market/list?date=2025-05-01&endDate=2025-05-31&salesSeller=1&start=2025-01&end=2025-12&pathId=1731018031&pathName=Sets(Current)&site=UK
Sets,841.5,2,1,1,3,2,2,5,6,6,1.2,5,https://vip.oalur.com/analysis/market/list?date=2025-01-01&endDate=2025-01-31&salesSeller=1&start=2025-01&end=2025-12&pathId=1731144031&pathName=Sets(Current)&site=UK
Sets,1,2,3,1.8,4.2,1.9,1.9,4.4,7.2,,,,https://vip.oalur.com/analysis/market/list?date=2025-09-01&endDate=2025-09-30&salesSeller=1&start=2025-01&end=2025-12&pathId=1731245031&pathName=Sets(Current)&site=UK
Sets,4,7,6,2.8,1.2,4,8,6,7,1.4,1.3,3.1,https://vip.oalur.com/analysis/market/list?date=2025-07-01&endDate=2025-07-31&salesSeller=1&start=2025-01&end=2025-12&pathId=1731132031&pathName=Sets(Current)&site=UK
Sets,2,2,2,2,2,1,1,1,2,2,3,3,https://vip.oalur.com/analysis/market/list?date=2025-11-01&endDate=2025-11-30&salesSeller=1&start=2025-01&end=2025-12&pathId=1731414031&pathName=Sets(Current)&site=UK
Sets,1,4,2,3,4,3,2,2,2,2,1,1,https://vip.oalur.com/analysis/market/list?date=2025-02-01&endDate=2025-02-28&salesSeller=1&start=2025-01&end=2025-12&pathId=1731436031&pathName=Sets(Current)&site=UK
Sets,3,7,5,9,1.6,1.8,3.2,2.9,1.8,1.1,8,1.1,https://vip.oalur.com/analysis/market/list?date=2025-04-01&endDate=2025-04-30&salesSeller=1&start=2025-01&end=2025-12&pathId=4276191031&pathName=Sets(Current)&site=UK
Sets,14.9,4.4,,,,14,28.8,82.4,46.7,,,,https://vip.oalur.com/analysis/market/list?date=2025-08-01&endDate=2025-08-31&salesSeller=1&start=2025-01&end=2025-12&pathId=3939327031&pathName=Sets(Current)&site=UK
Sets,920.4,2,1,3,4,6,4,4,4,,,,https://vip.oalur.com/analysis/market/list?date=2025-01-01&endDate=2025-01-31&salesSeller=1&start=2025-01&end=2025-12&pathId=26054082031&pathName=Sets(Current)&site=UK
Sets,3.1,1.1,5,5,4,5,3,4,2,7.3,16.3,34.7,https://vip.oalur.com/analysis/market/list?date=2025-12-01&endDate=2025-12-31&salesSeller=1&start=2025-01&end=2025-12&pathId=94998615031&pathName=Sets(Current)&site=UK
Sets,3,6,3,5,5,4,4,3,4,4,4,4,https://vip.oalur.com/analysis/market/list?date=2025-02-01&endDate=2025-02-28&salesSeller=1&start=2025-01&end=2025-12&pathId=26054050031&pathName=Sets(Current)&site=UK
Sets,9,1.2,9,1.3,1.3,9,6,8,1,,,,https://vip.oalur.com/analysis/market/list?date=2025-01-01&endDate=2025-01-31&salesSeller=1&start=2025-01&end=2025-12&pathId=26054026031&pathName=Sets(Current)&site=UK
Sets,3,5,2,8,9,8,7,8,7,1,9,1.2,https://vip.oalur.com/analysis/market/list?date=2025-05-01&endDate=2025-05-31&salesSeller=1&start=2025-01&end=2025-12&pathId=26054084031&pathName=Sets(Current)&site=UK
Sets,6,5,5,7,1.1,1.1,1.1,9,1.1,9,8,1,https://vip.oalur.com/analysis/market/list?date=2025-08-01&endDate=2025-08-31&salesSeller=1&start=2025-01&end=2025-12&pathId=3940075031&pathName=Sets(Current)&site=UK
Sets,55.1,100.7,72.9,322.4,158.8,94.3,39.4,72.5,93.6,,,,https://vip.oalur.com/analysis/market/list?date=2025-04-01&endDate=2025-04-30&salesSeller=1&start=2025-01&end=2025-12&pathId=15317796031&pathName=Sets(Current)&site=UK
Sets,8,1.1,6,8,7,6,6,9,2.3,2.6,2.3,3.4,https://vip.oalur.com/analysis/market/list?date=2025-08-01&endDate=2025-08-31&salesSeller=1&start=2025-01&end=2025-12&pathId=9173585031&pathName=Sets(Current)&site=UK
Sets,2,2,2,2,2,2,3,3,3,2,2,2,https://vip.oalur.com/analysis/market/list?date=2025-07-01&endDate=2025-07-31&salesSeller=1&start=2025-01&end=2025-12&pathId=1731102031&pathName=Sets(Current)&site=UK
Sets,1,6,2,2,3,2,1,1,2,2,2,1,https://vip.oalur.com/analysis/market/list?date=2025-02-01&endDate=2025-02-28&salesSeller=1&start=2025-01&end=2025-12&pathId=3939482031&pathName=Sets(Current)&site=UK
Sets,1.9,1.6,7,3,2,3,2,1,776.5,,,,https://vip.oalur.com/analysis/market/list?date=2025-09-01&endDate=2025-09-30&salesSeller=1&start=2025-01&end=2025-12&pathId=94998619031&pathName=Sets(Current)&site=UK
Sets,231.2,925.5,268.8,1,751.6,536,721.5,841.4,659.4,,,,https://vip.oalur.com/analysis/market/list?date=2025-02-01&endDate=2025-02-28&salesSeller=1&start=2025-01&end=2025-12&pathId=3939734031&pathName=Sets(Current)&site=UK
Sets,5,8,4,3,3,2,3,3,2,,,,https://vip.oalur.com/analysis/market/list?date=2025-02-01&endDate=2025-02-28&salesSeller=1&start=2025-01&end=2025-12&pathId=26054108031&pathName=Sets(Current)&site=UK
Sets,1,2,1,3,4,2,3,2,1,,,,https://vip.oalur.com/analysis/market/list?date=2025-05-01&endDate=2025-05-31&salesSeller=1&start=2025-01&end=2025-12&pathId=3940120031&pathName=Sets(Current)&site=UK
Sets,959.4,2,1,2,1,1,1,1,1,,,,https://vip.oalur.com/analysis/market/list?date=2025-01-01&endDate=2025-01-31&salesSeller=1&start=2025-01&end=2025-12&pathId=3939315031&pathName=Sets(Current)&site=UK
Sets,2,3,3,6,5,4,4,4,2,3,2,2,https://vip.oalur.com/analysis/market/list?date=2025-04-01&endDate=2025-04-30&salesSeller=1&start=2025-01&end=2025-12&pathId=1731434031&pathName=Sets(Current)&site=UK
Sets,2.4,2,1.6,5.1,8.5,3.8,4.2,1,6,,,,https://vip.oalur.com/analysis/market/list?date=2025-05-01&endDate=2025-05-31&salesSeller=1&start=2025-01&end=2025-12&pathId=26054061031&pathName=Sets(Current)&site=UK
Sets,1,9,851.5,861,1,1,1,1,,,,,https://vip.oalur.com/analysis/market/list?date=2025-04-01&endDate=2025-04-30&salesSeller=1&start=2025-01&end=2025-12&pathId=3939509031&pathName=Sets(Current)&site=UK
Sets,3,7,1,1,1,1,2,1,2,,,,https://vip.oalur.com/analysis/market/list?date=2025-02-01&endDate=2025-02-28&salesSeller=1&start=2025-01&end=2025-12&pathId=26054101031&pathName=Sets(Current)&site=UK
Sets,3,8,3,3,4,3,2,3,3,,,,https://vip.oalur.com/analysis/market/list?date=2025-02-01&endDate=2025-02-28&salesSeller=1&start=2025-01&end=2025-12&pathId=26054100031&pathName=Sets(Current)&site=UK
Sets,1,1,403.5,1,1,816.5,496.3,1,1,,,,https://vip.oalur.com/analysis/market/list?date=2025-06-01&endDate=2025-06-30&salesSeller=1&start=2025-01&end=2025-12&pathId=1731243031&pathName=Sets(Current)&site=UK
Sets,1,1,843.8,969.1,1,854.2,897.4,920.5,993.8,,,,https://vip.oalur.com/analysis/market/list?date=2025-09-01&endDate=2025-09-30&salesSeller=1&start=2025-01&end=2025-12&pathId=4551321031&pathName=Sets(Current)&site=UK
Sets,967.3,1,1,623.8,1,1,1,1,3,,,,https://vip.oalur.com/analysis/market/list?date=2025-01-01&endDate=2025-01-31&salesSeller=1&start=2025-01&end=2025-12&pathId=26054117031&pathName=Sets(Current)&site=UK
Sets,1,1,1,2,2,3,2,4,3,,,,https://vip.oalur.com/analysis/market/list?date=2025-08-01&endDate=2025-08-31&salesSeller=1&start=2025-01&end=2025-12&pathId=1731212031&pathName=Sets(Current)&site=UK
Sets,1,1,816.2,650.1,1,1,677,971,988.2,,5,2,https://vip.oalur.com/analysis/market/list?date=2025-09-01&endDate=2025-09-30&salesSeller=1&start=2025-01&end=2025-12&pathId=3939953031&pathName=Sets(Current)&site=UK
Sets,2,5,3,8,1.2,1.9,1.9,1.1,2.5,4,4.7,4.5,https://vip.oalur.com/analysis/market/list?date=2025-04-01&endDate=2025-04-30&salesSeller=1&start=2025-01&end=2025-12&pathId=26054055031&pathName=Sets(Current)&site=UK
Sets,664.6,727.9,460.1,425,379.6,368.8,431.1,530.5,551.5,,,,https://vip.oalur.com/analysis/market/list?date=2025-02-01&endDate=2025-02-28&salesSeller=1&start=2025-01&end=2025-12&pathId=1731250031&pathName=Sets(Current)&site=UK
Sets,1,2,1,1,2,1,2,4,389.6,4,5,6,https://vip.oalur.com/analysis/market/list?date=2025-09-01&endDate=2025-09-30&salesSeller=1&start=2025-01&end=2025-12&pathId=26054043031&pathName=Sets(Current)&site=UK
Sets,1,2,2,1,3,3,3,2,2,,,,https://vip.oalur.com/analysis/market/list?date=2025-05-01&endDate=2025-05-31&salesSeller=1&start=2025-01&end=2025-12&pathId=3939488031&pathName=Sets(Current)&site=UK
Sets,1,9,6,2,2,1,1,2,2,,,,https://vip.oalur.com/analysis/market/list?date=2025-02-01&endDate=2025-02-28&salesSeller=1&start=2025-01&end=2025-12&pathId=3939879031&pathName=Sets(Current)&site=UK
Sets,1,1,698.9,526.4,1,686,672,744.3,1,,,,https://vip.oalur.com/analysis/market/list?date=2025-08-01&endDate=2025-08-31&salesSeller=1&start=2025-01&end=2025-12&pathId=3939460031&pathName=Sets(Current)&site=UK
Sets,137.9,145,303.6,306.9,3,4,2,1,962.5,,,,https://vip.oalur.com/analysis/market/list?date=2025-09-01&endDate=2025-09-30&salesSeller=1&start=2025-01&end=2025-12&pathId=1731244031&pathName=Sets(Current)&site=UK
Sets,75.8,450.9,468.1,338.3,616.4,130.8,130.1,171.6,419.9,,,,https://vip.oalur.com/analysis/market/list?date=2025-05-01&endDate=2025-05-31&salesSeller=1&start=2025-01&end=2025-12&pathId=3939303031&pathName=Sets(Current)&site=UK
Sets,339.3,365.2,422.4,485.2,1,322.3,295.4,450,370,,,,https://vip.oalur.com/analysis/market/list?date=2025-04-01&endDate=2025-04-30&salesSeller=1&start=2025-01&end=2025-12&pathId=4551444031&pathName=Sets(Current)&site=UK
Sets,1,2,1,2,1,1,955.2,2,2,,,,https://vip.oalur.com/analysis/market/list?date=2025-07-01&endDate=2025-07-31&salesSeller=1&start=2025-01&end=2025-12&pathId=4661648031&pathName=Sets(Current)&site=UK
Sets,1,1,1,1,4,1,1,1,1,,,,https://vip.oalur.com/analysis/market/list?date=2025-05-01&endDate=2025-05-31&salesSeller=1&start=2025-01&end=2025-12&pathId=3939806031&pathName=Sets(Current)&site=UK
Sets,558.8,1,567.9,1,807.8,411.1,332.1,683.6,409.6,,,,https://vip.oalur.com/analysis/market/list?date=2025-05-01&endDate=2025-05-31&salesSeller=1&start=2025-01&end=2025-12&pathId=3939481031&pathName=Sets(Current)&site=UK
Sets,2,6,7,1.9,3.4,3.4,4.1,3.4,2.5,1.5,9,1.1,https://vip.oalur.com/analysis/market/list?date=2025-11-01&endDate=2025-11-30&salesSeller=1&start=2025-01&end=2025-12&pathId=9173584031&pathName=Sets(Current)&site=UK
Sets,52.9,56.9,88.5,1,255.4,174.8,475.9,417.6,395.8,,,,https://vip.oalur.com/analysis/market/list?date=2025-07-01&endDate=2025-07-31&salesSeller=1&start=2025-01&end=2025-12&pathId=15317792031&pathName=Sets(Current)&site=UK
Sets,1,2,1,1,3,3,3,2,2,2,3,2,https://vip.oalur.com/analysis/market/list?date=2025-05-01&endDate=2025-05-31&salesSeller=1&start=2025-01&end=2025-12&pathId=3939300031&pathName=Sets(Current)&site=UK
Sets,286.1,249.2,162.8,864.3,693.6,223.3,199.7,248.8,172.8,,,,https://vip.oalur.com/analysis/market/list?date=2025-04-01&endDate=2025-04-30&salesSeller=1&start=2025-01&end=2025-12&pathId=26054118031&pathName=Sets(Current)&site=UK
Sets,780.4,742.9,932.9,923.7,644.2,477.6,500.3,651.7,1,,,,https://vip.oalur.com/analysis/market/list?date=2025-03-01&endDate=2025-03-31&salesSeller=1&start=2025-01&end=2025-12&pathId=3940162031&pathName=Sets(Current)&site=UK
Sets,1,4,2,7,1.1,1.3,1.7,1.4,1.3,3,3.5,5.7,https://vip.oalur.com/analysis/market/list?date=2025-04-01&endDate=2025-04-30&salesSeller=1&start=2025-01&end=2025-12&pathId=94998607031&pathName=Sets(Current)&site=UK
Sets,1,1,1,5,6,1.4,1.5,8,2,3.6,18.1,16.3,https://vip.oalur.com/analysis/market/list?date=2025-11-01&endDate=2025-11-30&salesSeller=1&start=2025-01&end=2025-12&pathId=94998612031&pathName=Sets(Current)&site=UK
Sets,934,2,1,1,814.9,1,1,1,1,,,,https://vip.oalur.com/analysis/market/list?date=2025-01-01&endDate=2025-01-31&salesSeller=1&start=2025-01&end=2025-12&pathId=1731046031&pathName=Sets(Current)&site=UK
Sets,1,1,1,1,1,1,1,1,1,,4,6,https://vip.oalur.com/analysis/market/list?date=2025-12-01&endDate=2025-12-31&salesSeller=1&start=2025-01&end=2025-12&pathId=1731125031&pathName=Sets(Current)&site=UK
Sets,37.8,118.1,101,278.6,1,122.1,147.3,244.8,101.7,,,,https://vip.oalur.com/analysis/market/list?date=2025-04-01&endDate=2025-04-30&salesSeller=1&start=2025-01&end=2025-12&pathId=15317795031&pathName=Sets(Current)&site=UK
Sets,1,1,526.4,2,2,2,1,3,3,,,,https://vip.oalur.com/analysis/market/list?date=2025-03-01&endDate=2025-03-31&salesSeller=1&start=2025-01&end=2025-12&pathId=26114666031&pathName=Sets(Current)&site=UK
Sets,521,380.4,548.4,1,2,1,1,1,2,,,,https://vip.oalur.com/analysis/market/list?date=2025-03-01&endDate=2025-03-31&salesSeller=1&start=2025-01&end=2025-12&pathId=3939448031&pathName=Sets(Current)&site=UK
Sets,1,1,1,1,1,1,1,1,1,,,,https://vip.oalur.com/analysis/market/list?date=2025-01-01&endDate=2025-01-31&salesSeller=1&start=2025-01&end=2025-12&pathId=15317797031&pathName=Sets(Current)&site=UK
Sets,432.1,1,745.2,1,1,1,1,1,1,,,,https://vip.oalur.com/analysis/market/list?date=2025-03-01&endDate=2025-03-31&salesSeller=1&start=2025-01&end=2025-12&pathId=26054094031&pathName=Sets(Current)&site=UK
Sets,197.2,187,211.1,235.3,506,506,222.1,232.4,168,,,,https://vip.oalur.com/analysis/market/list?date=2025-06-01&endDate=2025-06-30&salesSeller=1&start=2025-01&end=2025-12&pathId=3939212031&pathName=Sets(Current)&site=UK
Sets,435.9,1,481.6,1,1,1,967.7,1,1,,,,https://vip.oalur.com/analysis/market/list?date=2025-07-01&endDate=2025-07-31&salesSeller=1&start=2025-01&end=2025-12&pathId=3939807031&pathName=Sets(Current)&site=UK
Sets,132.8,181.3,145.3,154.2,205.5,206.5,247.3,297.9,187.6,,,,https://vip.oalur.com/analysis/market/list?date=2025-08-01&endDate=2025-08-31&salesSeller=1&start=2025-01&end=2025-12&pathId=1731103031&pathName=Sets(Current)&site=UK
Sets,249.9,595.9,280.1,239.8,846,209.7,199.2,795.3,490,,,,https://vip.oalur.com/analysis/market/list?date=2025-05-01&endDate=2025-05-31&salesSeller=1&start=2025-01&end=2025-12&pathId=1731146031&pathName=Sets(Current)&site=UK
Sets,583,1,344.1,657.5,994.5,1,777.5,741.7,1,,,,https://vip.oalur.com/analysis/market/list?date=2025-05-01&endDate=2025-05-31&salesSeller=1&start=2025-01&end=2025-12&pathId=3939320031&pathName=Sets(Current)&site=UK
Sets,321.9,461.1,262.1,250.8,679.8,531.9,280,298.4,349.2,,,,https://vip.oalur.com/analysis/market/list?date=2025-05-01&endDate=2025-05-31&salesSeller=1&start=2025-01&end=2025-12&pathId=26054095031&pathName=Sets(Current)&site=UK
Sets,154.9,317.8,267,470.5,342.5,218.3,299.6,315.9,433.6,,,,https://vip.oalur.com/analysis/market/list?date=2025-04-01&endDate=2025-04-30&salesSeller=1&start=2025-01&end=2025-12&pathId=26054092031&pathName=Sets(Current)&site=UK
Sets,712,2,670.2,2,1,2,1,949.5,1,,,,https://vip.oalur.com/analysis/market/list?date=2025-08-01&endDate=2025-08-31&salesSeller=1&start=2025-01&end=2025-12&pathId=26054116031&pathName=Sets(Current)&site=UK
Sets,212.7,250,208.1,145.8,124.3,161.3,161.4,162.2,123.2,,,,https://vip.oalur.com/analysis/market/list?date=2025-02-01&endDate=2025-02-28&salesSeller=1&start=2025-01&end=2025-12&pathId=26054044031&pathName=Sets(Current)&site=UK
Sets,24.7,25.4,25.4,38.5,257.7,24,19.4,21.9,5.9,,,,https://vip.oalur.com/analysis/market/list?date=2025-05-01&endDate=2025-05-31&salesSeller=1&start=2025-01&end=2025-12&pathId=26054086031&pathName=Sets(Current)&site=UK
Sets,1,1,229.2,359.8,265.3,212,102.6,210.5,272.7,,,,https://vip.oalur.com/analysis/market/list?date=2025-04-01&endDate=2025-04-30&salesSeller=1&start=2025-01&end=2025-12&pathId=94998614031&pathName=Sets(Current)&site=UK
Sets,425.9,638.9,458.2,2,2,1,951.5,991.9,644.2,,,,https://vip.oalur.com/analysis/market/list?date=2025-08-01&endDate=2025-08-31&salesSeller=1&start=2025-01&end=2025-12&pathId=3939377031&pathName=Sets(Current)&site=UK
Sets,368.2,516.3,416.5,773.2,1,872,1,953.7,642.3,,,,https://vip.oalur.com/analysis/market/list?date=2025-08-01&endDate=2025-08-31&salesSeller=1&start=2025-01&end=2025-12&pathId=3939211031&pathName=Sets(Current)&site=UK
Sets,272.9,969.3,468.4,1,646.8,612.9,489,462.8,346.3,,,,https://vip.oalur.com/analysis/market/list?date=2025-02-01&endDate=2025-02-28&salesSeller=1&start=2025-01&end=2025-12&pathId=3939228031&pathName=Sets(Current)&site=UK
Sets,69.9,579.6,378.8,1,1,1,700.1,706.5,781.5,,,,https://vip.oalur.com/analysis/market/list?date=2025-09-01&endDate=2025-09-30&salesSeller=1&start=2025-01&end=2025-12&pathId=3939147031&pathName=Sets(Current)&site=UK
Sets,209.7,302.5,219.2,511.3,882.8,582.5,215.3,314.7,150.1,,,,https://vip.oalur.com/analysis/market/list?date=2025-05-01&endDate=2025-05-31&salesSeller=1&start=2025-01&end=2025-12&pathId=3940080031&pathName=Sets(Current)&site=UK
Sets,146.1,294.7,191.9,371.4,284.6,231.3,217.6,308.1,2,,,,https://vip.oalur.com/analysis/market/list?date=2025-04-01&endDate=2025-04-30&salesSeller=1&start=2025-01&end=2025-12&pathId=3076679031&pathName=Sets(Current)&site=UK
Sets,148.8,174.8,125.2,165.9,128.8,115.7,76.4,1,943.4,,,,https://vip.oalur.com/analysis/market/list?date=2025-09-01&endDate=2025-09-30&salesSeller=1&start=2025-01&end=2025-12&pathId=1731140031&pathName=Sets(Current)&site=UK
Sets,61.4,101.8,98.7,809.7,111.4,138.5,95.9,163.4,208.1,,,,https://vip.oalur.com/analysis/market/list?date=2025-04-01&endDate=2025-04-30&salesSeller=1&start=2025-01&end=2025-12&pathId=26054047031&pathName=Sets(Current)&site=UK
Sets,65.8,49.9,29.9,236.5,269,171.3,52.3,124.3,113.3,,,,https://vip.oalur.com/analysis/market/list?date=2025-05-01&endDate=2025-05-31&salesSeller=1&start=2025-01&end=2025-12&pathId=1731429031&pathName=Sets(Current)&site=UK
Sets,316,363.3,331.6,298.1,265.7,349.8,685.5,445.9,173.4,,,,https://vip.oalur.com/analysis/market/list?date=2025-07-01&endDate=2025-07-31&salesSeller=1&start=2025-01&end=2025-12&pathId=94998611031&pathName=Sets(Current)&site=UK
Sets,213.4,177.4,170.8,187.1,338.9,447,361.5,287.2,359.1,,,,https://vip.oalur.com/analysis/market/list?date=2025-06-01&endDate=2025-06-30&salesSeller=1&start=2025-01&end=2025-12&pathId=26054107031&pathName=Sets(Current)&site=UK
Sets,233.5,870.5,127.5,1,2,2,5,4,2,,,3.2,https://vip.oalur.com/analysis/market/list?date=2025-02-01&endDate=2025-02-28&salesSeller=1&start=2025-01&end=2025-12&pathId=94998606031&pathName=Sets(Current)&site=UK
Sets,267.7,152.3,208,276.5,310.8,581.6,649.8,806.1,1,,,,https://vip.oalur.com/analysis/market/list?date=2025-08-01&endDate=2025-08-31&salesSeller=1&start=2025-01&end=2025-12&pathId=94998613031&pathName=Sets(Current)&site=UK
Sets,92,369.8,708.3,435.2,622.2,320.6,286.3,335.8,361.9,,,,https://vip.oalur.com/analysis/market/list?date=2025-03-01&endDate=2025-03-31&salesSeller=1&start=2025-01&end=2025-12&pathId=3939581031&pathName=Sets(Current)&site=UK
Sets,,,303.5,1,1,361.4,969.7,644.8,1,,,,https://vip.oalur.com/analysis/market/list?date=2025-07-01&endDate=2025-07-31&salesSeller=1&start=2025-01&end=2025-12&pathId=3939427031&pathName=Sets(Current)&site=UK
Sets,77.8,284.9,182.6,298.8,855,448.4,317.7,621,686.7,,,,https://vip.oalur.com/analysis/market/list?date=2025-05-01&endDate=2025-05-31&salesSeller=1&start=2025-01&end=2025-12&pathId=3940156031&pathName=Sets(Current)&site=UK
Sets,,51.8,8,121.1,153,9,37.9,6,10.2,,,,https://vip.oalur.com/analysis/market/list?date=2025-05-01&endDate=2025-05-31&salesSeller=1&start=2025-01&end=2025-12&pathId=3939330031&pathName=Sets(Current)&site=UK
Sets,36.4,37.2,36.8,161.7,39.1,39.9,45.7,19.9,159.5,,,,https://vip.oalur.com/analysis/market/list?date=2025-04-01&endDate=2025-04-30&salesSeller=1&start=2025-01&end=2025-12&pathId=3939483031&pathName=Sets(Current)&site=UK
Sets,48.3,79.9,61.1,59.6,256.1,69.7,7,6,9,,,,https://vip.oalur.com/analysis/market/list?date=2025-05-01&endDate=2025-05-31&salesSeller=1&start=2025-01&end=2025-12&pathId=1731252031&pathName=Sets(Current)&site=UK
Sets,133,121.5,112,2,1,1,1,1,736.8,,,,https://vip.oalur.com/analysis/market/list?date=2025-09-01&endDate=2025-09-30&salesSeller=1&start=2025-01&end=2025-12&pathId=15317791031&pathName=Sets(Current)&site=UK
Sets,416.8,1,199.8,606.5,515,335.7,514.1,486.7,216.7,,,,https://vip.oalur.com/analysis/market/list?date=2025-04-01&endDate=2025-04-30&salesSeller=1&start=2025-01&end=2025-12&pathId=26054017031&pathName=Sets(Current)&site=UK
Sets,25.8,22.4,171.3,20,20,11.6,,,199.2,,,,https://vip.oalur.com/analysis/market/list?date=2025-09-01&endDate=2025-09-30&salesSeller=1&start=2025-01&end=2025-12&pathId=1731437031&pathName=Sets(Current)&site=UK
Sets,30,221.8,116.2,394.8,534.7,332.9,852.8,662.5,560.4,,,,https://vip.oalur.com/analysis/market/list?date=2025-07-01&endDate=2025-07-31&salesSeller=1&start=2025-01&end=2025-12&pathId=26054115031&pathName=Sets(Current)&site=UK
Sets,92.5,92.5,77.5,64.9,130.1,64.4,70.3,64.4,64.4,,,,https://vip.oalur.com/analysis/market/list?date=2025-05-01&endDate=2025-05-31&salesSeller=1&start=2025-01&end=2025-12&pathId=3939805031&pathName=Sets(Current)&site=UK
Sets,45.7,45.7,45.7,203.6,788.5,1,2,2,896,,,,https://vip.oalur.com/analysis/market/list?date=2025-09-01&endDate=2025-09-30&salesSeller=1&start=2025-01&end=2025-12&pathId=90525715031&pathName=Sets(Current)&site=UK
Sets,56.6,320.2,257.6,256.4,727.9,745.5,371.1,369.6,525.5,,,,https://vip.oalur.com/analysis/market/list?date=2025-06-01&endDate=2025-06-30&salesSeller=1&start=2025-01&end=2025-12&pathId=3939676031&pathName=Sets(Current)&site=UK
Sets,,,,728.2,816.7,751.8,303.9,1,38,,,,https://vip.oalur.com/analysis/market/list?date=2025-05-01&endDate=2025-05-31&salesSeller=1&start=2025-01&end=2025-12&pathId=26054081031&pathName=Sets(Current)&site=UK
Sets,129.6,1,358.6,551.7,948,869.9,943,895.7,527.2,,,,https://vip.oalur.com/analysis/market/list?date=2025-05-01&endDate=2025-05-31&salesSeller=1&start=2025-01&end=2025-12&pathId=26054042031&pathName=Sets(Current)&site=UK
Sets,40.5,127.7,57.4,157.3,132.5,258.6,256.1,310,60,,,,https://vip.oalur.com/analysis/market/list?date=2025-08-01&endDate=2025-08-31&salesSeller=1&start=2025-01&end=2025-12&pathId=94998610031&pathName=Sets(Current)&site=UK
Sets,25,25,53,192.2,280.8,518.4,435.3,224.9,113.1,,,,https://vip.oalur.com/analysis/market/list?date=2025-06-01&endDate=2025-06-30&salesSeller=1&start=2025-01&end=2025-12&pathId=26054114031&pathName=Sets(Current)&site=UK
Sets,,106.6,16,,72,256.5,90,72,72,,,,https://vip.oalur.com/analysis/market/list?date=2025-06-01&endDate=2025-06-30&salesSeller=1&start=2025-01&end=2025-12&pathId=1731213031&pathName=Sets(Current)&site=UK
Sets,,,,20,220.5,8.4,35.6,,,,,,https://vip.oalur.com/analysis/market/list?date=2025-05-01&endDate=2025-05-31&salesSeller=1&start=2025-01&end=2025-12&pathId=3939319031&pathName=Sets(Current)&site=UK
Sets,75.2,48.8,,,,11.7,23.6,70.3,43.8,,,,https://vip.oalur.com/analysis/market/list?date=2025-01-01&endDate=2025-01-31&salesSeller=1&start=2025-01&end=2025-12&pathId=90525716031&pathName=Sets(Current)&site=UK
Sets,55,339.7,70.8,164,51.9,35,35,45,60,,,,https://vip.oalur.com/analysis/market/list?date=2025-02-01&endDate=2025-02-28&salesSeller=1&start=2025-01&end=2025-12&pathId=26053992031&pathName=Sets(Current)&site=UK
Sets,47.9,47.9,37.5,55.6,155.1,406.9,87.8,100.9,33.2,,,,https://vip.oalur.com/analysis/market/list?date=2025-06-01&endDate=2025-06-30&salesSeller=1&start=2025-01&end=2025-12&pathId=1731128031&pathName=Sets(Current)&site=UK
Sets,,,,,405.7,,,,,,,,https://vip.oalur.com/analysis/market/list?date=2025-05-01&endDate=2025-05-31&salesSeller=1&start=2025-01&end=2025-12&pathId=1731048031&pathName=Sets(Current)&site=UK
Sets,32.3,252.6,47.8,99.4,115.9,52.4,254.1,50,173.9,,,,https://vip.oalur.com/analysis/market/list?date=2025-07-01&endDate=2025-07-31&salesSeller=1&start=2025-01&end=2025-12&pathId=26054033031&pathName=Sets(Current)&site=UK
Sets,14.9,,,70,,,534.7,15,105.3,,,,https://vip.oalur.com/analysis/market/list?date=2025-07-01&endDate=2025-07-31&salesSeller=1&start=2025-01&end=2025-12&pathId=26054098031&pathName=Sets(Current)&site=UK
Sets,46.4,47.4,48.2,59.8,450.2,65.7,132,205.9,35,,,,https://vip.oalur.com/analysis/market/list?date=2025-05-01&endDate=2025-05-31&salesSeller=1&start=2025-01&end=2025-12&pathId=26054041031&pathName=Sets(Current)&site=UK
Sets,29,56.5,25,65.7,55,23.9,27.7,47.5,42.6,,,,https://vip.oalur.com/analysis/market/list?date=2025-04-01&endDate=2025-04-30&salesSeller=1&start=2025-01&end=2025-12&pathId=26054120031&pathName=Sets(Current)&site=UK
Sets,,80,,,36,,,,,,,,https://vip.oalur.com/analysis/market/list?date=2025-02-01&endDate=2025-02-28&salesSeller=1&start=2025-01&end=2025-12&pathId=26054028031&pathName=Sets(Current)&site=UK
Sets,166.9,87.5,87.6,87.6,87.6,106,86.7,87.6,100.1,,,,https://vip.oalur.com/analysis/market/list?date=2025-01-01&endDate=2025-01-31&salesSeller=1&start=2025-01&end=2025-12&pathId=26054102031&pathName=Sets(Current)&site=UK
Sets,,,36.8,36.8,232,37,40.2,41.1,41.8,,,,https://vip.oalur.com/analysis/market/list?date=2025-05-01&endDate=2025-05-31&salesSeller=1&start=2025-01&end=2025-12&pathId=3076676031&pathName=Sets(Current)&site=UK
Sets,,,,10.8,22.8,15.5,18.2,17.8,,,,,https://vip.oalur.com/analysis/market/list?date=2025-05-01&endDate=2025-05-31&salesSeller=1&start=2025-01&end=2025-12&pathId=3939148031&pathName=Sets(Current)&site=UK
Sets,,,,,3,,,26.5,,,,,https://vip.oalur.com/analysis/market/list?date=2025-08-01&endDate=2025-08-31&salesSeller=1&start=2025-01&end=2025-12&pathId=26054031031&pathName=Sets(Current)&site=UK
Sets,,21.9,17.8,47.7,226.2,22,5,,6,,,,https://vip.oalur.com/analysis/market/list?date=2025-05-01&endDate=2025-05-31&salesSeller=1&start=2025-01&end=2025-12&pathId=94998616031&pathName=Sets(Current)&site=UK
Sets,,,24.3,,10.3,,,5.1,,,,,https://vip.oalur.com/analysis/market/list?date=2025-03-01&endDate=2025-03-31&salesSeller=1&start=2025-01&end=2025-12&pathId=3939801031&pathName=Sets(Current)&site=UK
Sets,,,,57.1,,,21.8,,9.8,,,,https://vip.oalur.com/analysis/market/list?date=2025-04-01&endDate=2025-04-30&salesSeller=1&start=2025-01&end=2025-12&pathId=26054093031&pathName=Sets(Current)&site=UK
Sets,,20,,,137.3,91.9,,21.9,10,,,,https://vip.oalur.com/analysis/market/list?date=2025-05-01&endDate=2025-05-31&salesSeller=1&start=2025-01&end=2025-12&pathId=3939329031&pathName=Sets(Current)&site=UK
Sets,21.1,59.4,97.3,287.9,1,567.9,653,270.9,386.4,,,,https://vip.oalur.com/analysis/market/list?date=2025-07-01&endDate=2025-07-31&salesSeller=1&start=2025-01&end=2025-12&pathId=94998618031&pathName=Sets(Current)&site=UK
Sets,28.5,26.9,29.2,30.6,356.1,96.9,27.6,29.7,29.9,,,,https://vip.oalur.com/analysis/market/list?date=2025-05-01&endDate=2025-05-31&salesSeller=1&start=2025-01&end=2025-12&pathId=1731098031&pathName=Sets(Current)&site=UK
Sets,34.1,59.8,25.7,25.7,55,,,,,,,,https://vip.oalur.com/analysis/market/list?date=2025-02-01&endDate=2025-02-28&salesSeller=1&start=2025-01&end=2025-12&pathId=26054025031&pathName=Sets(Current)&site=UK
Sets,42.5,34.1,33.6,32.8,32.8,33.2,26.1,26.1,33.9,,,,https://vip.oalur.com/analysis/market/list?date=2025-01-01&endDate=2025-01-31&salesSeller=1&start=2025-01&end=2025-12&pathId=1731127031&pathName=Sets(Current)&site=UK
Sets,,,,,18.5,24,,,14,,,,https://vip.oalur.com/analysis/market/list?date=2025-06-01&endDate=2025-06-30&salesSeller=1&start=2025-01&end=2025-12&pathId=3939677031&pathName=Sets(Current)&site=UK
Sets,,,,,,16.1,39.1,95.8,,,,,https://vip.oalur.com/analysis/market/list?date=2025-08-01&endDate=2025-08-31&salesSeller=1&start=2025-01&end=2025-12&pathId=26054056031&pathName=Sets(Current)&site=UK
Sets,,,,,21.6,,,,35.9,,,,https://vip.oalur.com/analysis/market/list?date=2025-09-01&endDate=2025-09-30&salesSeller=1&start=2025-01&end=2025-12&pathId=26054048031&pathName=Sets(Current)&site=UK
Sets,,,,,26.4,24.1,5,,,,,,https://vip.oalur.com/analysis/market/list?date=2025-05-01&endDate=2025-05-31&salesSeller=1&start=2025-01&end=2025-12&pathId=26054038031&pathName=Sets(Current)&site=UK
Sets,,,,,,,4.2,4.2,,,,,https://vip.oalur.com/analysis/market/list?date=2025-07-01&endDate=2025-07-31&salesSeller=1&start=2025-01&end=2025-12&pathId=26054030031&pathName=Sets(Current)&site=UK
Sets,,,,,,,,29,,,,,https://vip.oalur.com/analysis/market/list?date=2025-08-01&endDate=2025-08-31&salesSeller=1&start=2025-01&end=2025-12&pathId=26054049031&pathName=Sets(Current)&site=UK
